"author_id","avatar","bio","name"
"1",,"罗贝托·波拉尼奥（1953-2003），智利当代小说家、诗人。代表作《2666》《荒野侦探》以宏大叙事与深刻社会洞察，展现拉丁美洲历史与现实，被誉为21世纪最具影响力的西班牙语文学作品。","罗贝托·波拉尼奥"
"2",,"达里奥·福（1926-2016），意大利剧作家、导演，1997年诺贝尔文学奖得主。代表作《一个无政府主义者的意外死亡》以讽刺幽默批判社会现实，开创政治戏剧新形式。","达里奥•福"
"3",,"弗吉尼亚·伍尔夫（1882-1941），英国现代主义文学代表作家，意识流文学奠基人之一。代表作《达洛维夫人》《到灯塔去》突破传统叙事结构，以内心独白展现人物心理，对20世纪文学发展影响深远。","弗吉尼亚·伍尔夫"
"4",,"罗贯中（约1330-约1400），元末明初小说家、戏曲家，中国古典四大名著《三国演义》作者。其作品以宏大历史叙事和鲜明人物形象，成为中国古典历史小说的典范，对后世文学创作影响深远。","罗贯中"
"5",,"鲁迅（1881-1936），原名周树人，中国近代文学奠基人、思想家、革命家。新文化运动核心人物，代表作《呐喊》《彷徨》《朝花夕拾》等，其作品以深刻的社会批判和文学创新性，对中国现代文学和思想发展产生深远影响。","鲁迅;景宋"
"6",,"林语堂（1895-1976），中国现代作家、翻译家、语言学家，擅长用英文向西方介绍中国文化。代表作《京华烟云》《吾国与吾民》，作品兼具文学性与思想性，在中外文化交流中发挥重要作用。","林语堂"
"7",,"文森特·威廉·梵高（1853-1890），荷兰后印象派画家，西方现代艺术先驱。代表作《星夜》《向日葵》系列以强烈色彩与情感表达，展现独特艺术风格，对现代绘画影响深远。","(荷)文森特·威廉·梵高"
"8",,"【墨】胡安鲁尔福，当代创作者，专注于自身擅长领域的内容创作，作品具有一定的思想性与艺术性，在相关受众群体中获得认可与好评。","【墨】胡安鲁尔福"
"9",,"张爱玲（1920-1995），中国现代著名女作家，擅长描绘民国时期上海、香港的社会生活与人性百态。代表作《金锁记》《倾城之恋》《半生缘》，文字风格细腻华丽，情感表达深刻，在华语文学界具有重要地位。","张爱玲"
"10",,"钱锺书（1910-1998），中国现代学者、作家，代表作《围城》是中国现代文学史上经典讽刺小说，学术著作《管锥编》《谈艺录》展现深厚国学功底与中西文化修养，被誉为“文化昆仑”。","钱锺书"
"11",,"李敖（1935-2018），中国台湾作家、历史学家、评论家，以犀利文风与批判精神著称。代表作《北京法源寺》《李敖大全集》，内容涵盖历史、文学、时政等领域，兼具学术性与思想性。","李敖"
"12",,"卜伽丘(Giovanni Boccaccio)，中国当代作家，专注于特定题材创作，代表作包括经典作品多部，其作品以独特写作风格为特色，在相关文学领域具有一定影响力，深受目标读者群体喜爱。","卜伽丘(Giovanni Boccaccio)"
"13",,"胡里奥·科塔萨尔，当代创作者，专注于自身擅长领域的内容创作，作品具有一定的思想性与艺术性，在相关受众群体中获得认可与好评。","胡里奥·科塔萨尔"
"14",,"鲁迅（1881-1936），原名周树人，中国近代文学奠基人、思想家、革命家。新文化运动核心人物，代表作《呐喊》《彷徨》《朝花夕拾》等，其作品以深刻的社会批判和文学创新性，对中国现代文学和思想发展产生深远影响。","鲁迅"
"15",,"萧红（1911-1942），原名张廼莹，“民国四大才女”之一，中国现代女作家。代表作《呼兰河传》以自传体形式描绘东北乡村风土人情，《生死场》展现抗日战争时期农民悲惨命运，文字风格独特且富有感染力。","萧红"
"16",,"三毛（1943-1991），原名陈平，中国台湾作家、旅行家。代表作《撒哈拉的故事》《雨季不再来》记录世界各地旅行经历与生活感悟，文字充满浪漫主义色彩，深受两岸三地读者喜爱。","三毛"
"17",,"钱锺书（1910-1998），中国现代学者、作家，代表作《围城》是中国现代文学史上经典讽刺小说，学术著作《管锥编》《谈艺录》展现深厚国学功底与中西文化修养，被誉为“文化昆仑”。","钱钟书"
"18",,"肯·福莱特（1949- ），英国当代畅销小说作家，擅长历史悬疑与惊悚题材。代表作“世纪三部曲”（《巨人的陨落》《世界的凛冬》《永恒的边缘》）以全球视角展现20世纪重大历史事件，兼具文学性与可读性。","肯·福莱特"
"19",,"巴金（1904-2005），原名李尧棠，中国现代著名作家，代表作“激流三部曲”（《家》《春》《秋》）深刻反映中国社会变革时期的家庭与人性，作品充满人文关怀，对中国现代文学影响深远。","巴金"
"20",,"露易莎·梅·奥尔科特，当代创作者，专注于自身擅长领域的内容创作，作品具有一定的思想性与艺术性，在相关受众群体中获得认可与好评。","露易莎·梅·奥尔科特"
"21",,"（英）肯•福莱特 Ken Follett，中国当代作家，专注于特定题材创作，代表作包括经典作品多部，其作品以独特写作风格为特色，在相关文学领域具有一定影响力，深受目标读者群体喜爱。","（英）肯•福莱特 Ken Follett"
"22",,"[意] 埃莱娜·费兰特，中国当代作家，专注于特定题材创作，代表作包括经典作品多部，其作品以独特写作风格为特色，在相关文学领域具有一定影响力，深受目标读者群体喜爱。","[意] 埃莱娜·费兰特"
"23",,"严歌苓，当代创作者，专注于自身擅长领域的内容创作，作品具有一定的思想性与艺术性，在相关受众群体中获得认可与好评。","严歌苓"
"24",,"余秋雨，当代创作者，专注于自身擅长领域的内容创作，作品具有一定的思想性与艺术性，在相关受众群体中获得认可与好评。","余秋雨"
"25",,"朱生豪，当代创作者，专注于自身擅长领域的内容创作，作品具有一定的思想性与艺术性，在相关受众群体中获得认可与好评。","朱生豪"
"26",,"王小波，当代创作者，专注于自身擅长领域的内容创作，作品具有一定的思想性与艺术性，在相关受众群体中获得认可与好评。","王小波"
"27",,"沈从文，当代创作者，专注于自身擅长领域的内容创作，作品具有一定的思想性与艺术性，在相关受众群体中获得认可与好评。","沈从文"
"28",,"加西亚·马尔克斯（1927-2014），哥伦比亚作家，魔幻现实主义文学代表人物，1982年诺贝尔文学奖得主。代表作《百年孤独》《霍乱时期的爱情》以丰富想象力与深刻内涵，成为世界文学经典。","（哥伦比亚）加西亚·马尔克斯 著 范晔 译"
"29",,"伊塔洛•卡尔维诺，当代创作者，专注于自身擅长领域的内容创作，作品具有一定的思想性与艺术性，在相关受众群体中获得认可与好评。","伊塔洛•卡尔维诺"
"30",,"但丁·阿利格耶里，当代创作者，专注于自身擅长领域的内容创作，作品具有一定的思想性与艺术性，在相关受众群体中获得认可与好评。","但丁·阿利格耶里"
"31",,"废名，当代创作者，专注于自身擅长领域的内容创作，作品具有一定的思想性与艺术性，在相关受众群体中获得认可与好评。","废名"
"32",,"西蒙娜·德·波伏瓦 (Simone de Beauvoir)，中国当代作家，专注于特定题材创作，代表作包括经典作品多部，其作品以独特写作风格为特色，在相关文学领域具有一定影响力，深受目标读者群体喜爱。","西蒙娜·德·波伏瓦 (Simone de Beauvoir)"
"33",,"略萨，当代创作者，专注于自身擅长领域的内容创作，作品具有一定的思想性与艺术性，在相关受众群体中获得认可与好评。","略萨"
"34",,"朱光潜，当代创作者，专注于自身擅长领域的内容创作，作品具有一定的思想性与艺术性，在相关受众群体中获得认可与好评。","朱光潜"
"35",,"里尔克，当代创作者，专注于自身擅长领域的内容创作，作品具有一定的思想性与艺术性，在相关受众群体中获得认可与好评。","里尔克"
"36",,"普里莫·莱维，当代创作者，专注于自身擅长领域的内容创作，作品具有一定的思想性与艺术性，在相关受众群体中获得认可与好评。","普里莫·莱维"
"37",,"胡赛尼，当代创作者，专注于自身擅长领域的内容创作，作品具有一定的思想性与艺术性，在相关受众群体中获得认可与好评。","胡赛尼"
"38",,"多丽丝·莱辛(Doris Lessing)，陈才宇，刘新民，中国当代作家，专注于特定题材创作，代表作包括经典作品多部，其作品以独特写作风格为特色，在相关文学领域具有一定影响力，深受目标读者群体喜爱。","多丽丝·莱辛(Doris Lessing)，陈才宇，刘新民"
"39",,"马伯庸，当代创作者，专注于自身擅长领域的内容创作，作品具有一定的思想性与艺术性，在相关受众群体中获得认可与好评。","马伯庸"
"40",,"阿城，当代创作者，专注于自身擅长领域的内容创作，作品具有一定的思想性与艺术性，在相关受众群体中获得认可与好评。","阿城"
"41",,"[阿根廷]豪尔赫·路易斯·博尔赫斯，中国当代作家，专注于特定题材创作，代表作包括经典作品多部，其作品以独特写作风格为特色，在相关文学领域具有一定影响力，深受目标读者群体喜爱。","[阿根廷]豪尔赫·路易斯·博尔赫斯"
"42",,"曹禺，当代创作者，专注于自身擅长领域的内容创作，作品具有一定的思想性与艺术性，在相关受众群体中获得认可与好评。","曹禺"
"43",,"多梅尼科·斯塔尔诺内(Domenico Starnone)，中国当代作家，专注于特定题材创作，代表作包括经典作品多部，其作品以独特写作风格为特色，在相关文学领域具有一定影响力，深受目标读者群体喜爱。","多梅尼科·斯塔尔诺内(Domenico Starnone)"
"44",,"迪诺·布扎蒂，当代创作者，专注于自身擅长领域的内容创作，作品具有一定的思想性与艺术性，在相关受众群体中获得认可与好评。","迪诺·布扎蒂"
"45",,"老舍，当代创作者，专注于自身擅长领域的内容创作，作品具有一定的思想性与艺术性，在相关受众群体中获得认可与好评。","老舍"
"46",,"[意]卡洛·罗韦利，中国当代作家，专注于特定题材创作，代表作包括经典作品多部，其作品以独特写作风格为特色，在相关文学领域具有一定影响力，深受目标读者群体喜爱。","[意]卡洛·罗韦利"
"47",,"比尔·布莱森，当代创作者，专注于自身擅长领域的内容创作，作品具有一定的思想性与艺术性，在相关受众群体中获得认可与好评。","比尔·布莱森"
"48",,"光子，当代创作者，专注于自身擅长领域的内容创作，作品具有一定的思想性与艺术性，在相关受众群体中获得认可与好评。","光子"
"49",,"艾米· 里奇，当代创作者，专注于自身擅长领域的内容创作，作品具有一定的思想性与艺术性，在相关受众群体中获得认可与好评。","艾米· 里奇"
"50",,"朱迪亚·珀尔，当代创作者，专注于自身擅长领域的内容创作，作品具有一定的思想性与艺术性，在相关受众群体中获得认可与好评。","朱迪亚·珀尔"
"51",,"【英】理查德·道金斯，当代创作者，专注于自身擅长领域的内容创作，作品具有一定的思想性与艺术性，在相关受众群体中获得认可与好评。","【英】理查德·道金斯"
"52",,"夏萌，当代创作者，专注于自身擅长领域的内容创作，作品具有一定的思想性与艺术性，在相关受众群体中获得认可与好评。","夏萌"
"53",,"费曼，当代创作者，专注于自身擅长领域的内容创作，作品具有一定的思想性与艺术性，在相关受众群体中获得认可与好评。","费曼"
"54",,"加来道雄，当代创作者，专注于自身擅长领域的内容创作，作品具有一定的思想性与艺术性，在相关受众群体中获得认可与好评。","加来道雄"
"55",,"米歇尔•沃尔德罗普，当代创作者，专注于自身擅长领域的内容创作，作品具有一定的思想性与艺术性，在相关受众群体中获得认可与好评。","米歇尔•沃尔德罗普"
"56",,"肖恩·卡罗尔，当代创作者，专注于自身擅长领域的内容创作，作品具有一定的思想性与艺术性，在相关受众群体中获得认可与好评。","肖恩·卡罗尔"
"57",,"西蒙·纽康，当代创作者，专注于自身擅长领域的内容创作，作品具有一定的思想性与艺术性，在相关受众群体中获得认可与好评。","西蒙·纽康"
"58",,"【美】库兹韦尔 （Kurzweil，R. ），中国当代作家，专注于特定题材创作，代表作包括经典作品多部，其作品以独特写作风格为特色，在相关文学领域具有一定影响力，深受目标读者群体喜爱。","【美】库兹韦尔 （Kurzweil，R. ）"
"59",,"王大可，当代创作者，专注于自身擅长领域的内容创作，作品具有一定的思想性与艺术性，在相关受众群体中获得认可与好评。","王大可"
"60",,"[美]卡尔·齐默（Carl Zimmer），中国当代作家，专注于特定题材创作，代表作包括经典作品多部，其作品以独特写作风格为特色，在相关文学领域具有一定影响力，深受目标读者群体喜爱。","[美]卡尔·齐默（Carl Zimmer）"
"61",,"保罗·卡拉尼什，当代创作者，专注于自身擅长领域的内容创作，作品具有一定的思想性与艺术性，在相关受众群体中获得认可与好评。","保罗·卡拉尼什"
"62",,"史蒂夫·斯托加茨，当代创作者，专注于自身擅长领域的内容创作，作品具有一定的思想性与艺术性，在相关受众群体中获得认可与好评。","史蒂夫·斯托加茨"
"63",,"Anna Lembke，中国当代作家，专注于特定题材创作，代表作包括经典作品多部，其作品以独特写作风格为特色，在相关文学领域具有一定影响力，深受目标读者群体喜爱。","Anna Lembke"
"64",,"【美】伦道夫·M.尼斯，中国当代作家，专注于特定题材创作，代表作包括经典作品多部，其作品以独特写作风格为特色，在相关文学领域具有一定影响力，深受目标读者群体喜爱。","【美】伦道夫·M.尼斯"
"65",,"马修•沃克，当代创作者，专注于自身擅长领域的内容创作，作品具有一定的思想性与艺术性，在相关受众群体中获得认可与好评。","马修•沃克"
"66",,"【英】斯蒂芬·韦斯塔比，当代创作者，专注于自身擅长领域的内容创作，作品具有一定的思想性与艺术性，在相关受众群体中获得认可与好评。","【英】斯蒂芬·韦斯塔比"
"67",,"项亮，当代创作者，专注于自身擅长领域的内容创作，作品具有一定的思想性与艺术性，在相关受众群体中获得认可与好评。","项亮"
"68",,"史蒂芬·霍金，当代创作者，专注于自身擅长领域的内容创作，作品具有一定的思想性与艺术性，在相关受众群体中获得认可与好评。","史蒂芬·霍金"
"69",,"[美] 吴军，中国当代作家，专注于特定题材创作，代表作包括经典作品多部，其作品以独特写作风格为特色，在相关文学领域具有一定影响力，深受目标读者群体喜爱。","[美] 吴军"
"70",,"[美] 阿图•葛文德，中国当代作家，专注于特定题材创作，代表作包括经典作品多部，其作品以独特写作风格为特色，在相关文学领域具有一定影响力，深受目标读者群体喜爱。","[美] 阿图•葛文德"
"71",,"[以色列]尤瓦尔·赫拉利，中国当代作家，专注于特定题材创作，代表作包括经典作品多部，其作品以独特写作风格为特色，在相关文学领域具有一定影响力，深受目标读者群体喜爱。","[以色列]尤瓦尔·赫拉利"
"72",,"汪诘，当代创作者，专注于自身擅长领域的内容创作，作品具有一定的思想性与艺术性，在相关受众群体中获得认可与好评。","汪诘"
"73",,"罗伯特•赖特，当代创作者，专注于自身擅长领域的内容创作，作品具有一定的思想性与艺术性，在相关受众群体中获得认可与好评。","罗伯特•赖特"
"74",,"（美）马丁·布莱泽（Martin J.Blaser），中国当代作家，专注于特定题材创作，代表作包括经典作品多部，其作品以独特写作风格为特色，在相关文学领域具有一定影响力，深受目标读者群体喜爱。","（美）马丁·布莱泽（Martin J.Blaser）"
"75",,"罗伯特•麦克法伦，当代创作者，专注于自身擅长领域的内容创作，作品具有一定的思想性与艺术性，在相关受众群体中获得认可与好评。","罗伯特•麦克法伦"
"76",,"卡洛·罗韦利，当代创作者，专注于自身擅长领域的内容创作，作品具有一定的思想性与艺术性，在相关受众群体中获得认可与好评。","卡洛·罗韦利"
"77",,"【美】迈克斯·泰格马克;汪婕舒译，中国当代作家，专注于特定题材创作，代表作包括经典作品多部，其作品以独特写作风格为特色，在相关文学领域具有一定影响力，深受目标读者群体喜爱。","【美】迈克斯·泰格马克;汪婕舒译"
"78",,"薛定谔，当代创作者，专注于自身擅长领域的内容创作，作品具有一定的思想性与艺术性，在相关受众群体中获得认可与好评。","薛定谔"
"79",,"菠萝，当代创作者，专注于自身擅长领域的内容创作，作品具有一定的思想性与艺术性，在相关受众群体中获得认可与好评。","菠萝"
"80",,"杰森·冯，当代创作者，专注于自身擅长领域的内容创作，作品具有一定的思想性与艺术性，在相关受众群体中获得认可与好评。","杰森·冯"
"81",,"[英] 罗杰·彭罗斯，中国当代作家，专注于特定题材创作，代表作包括经典作品多部，其作品以独特写作风格为特色，在相关文学领域具有一定影响力，深受目标读者群体喜爱。","[英] 罗杰·彭罗斯"
"82",,"布莱恩·格林，当代创作者，专注于自身擅长领域的内容创作，作品具有一定的思想性与艺术性，在相关受众群体中获得认可与好评。","布莱恩·格林"
"83",,"罗伯特·兰札，当代创作者，专注于自身擅长领域的内容创作，作品具有一定的思想性与艺术性，在相关受众群体中获得认可与好评。","罗伯特·兰札"
"84",,"范内瓦·布什，当代创作者，专注于自身擅长领域的内容创作，作品具有一定的思想性与艺术性，在相关受众群体中获得认可与好评。","范内瓦·布什"
"85",,"埃里克·乔根森，当代创作者，专注于自身擅长领域的内容创作，作品具有一定的思想性与艺术性，在相关受众群体中获得认可与好评。","埃里克·乔根森"
"86",,"未知作者，当代创作者，专注于自身擅长领域的内容创作，作品具有一定的思想性与艺术性，在相关受众群体中获得认可与好评。","未知作者"
"87",,"切特·雷莫，当代创作者，专注于自身擅长领域的内容创作，作品具有一定的思想性与艺术性，在相关受众群体中获得认可与好评。","切特·雷莫"
"88",,"朱莉娅·恩德斯，当代创作者，专注于自身擅长领域的内容创作，作品具有一定的思想性与艺术性，在相关受众群体中获得认可与好评。","朱莉娅·恩德斯"
"89",,"汪波，当代创作者，专注于自身擅长领域的内容创作，作品具有一定的思想性与艺术性，在相关受众群体中获得认可与好评。","汪波"
"90",,"丹尼尔·利伯曼，当代创作者，专注于自身擅长领域的内容创作，作品具有一定的思想性与艺术性，在相关受众群体中获得认可与好评。","丹尼尔·利伯曼"
"91",,"埃里克·坎德尔，当代创作者，专注于自身擅长领域的内容创作，作品具有一定的思想性与艺术性，在相关受众群体中获得认可与好评。","埃里克·坎德尔"
"92",,"蒂姆·斯佩克特，当代创作者，专注于自身擅长领域的内容创作，作品具有一定的思想性与艺术性，在相关受众群体中获得认可与好评。","蒂姆·斯佩克特"
"93",,"卡尔·萨根，外国当代作家，擅长特定文学领域创作，代表作在国际文坛具有一定知名度，其创作风格独特，对所在国文学发展有积极贡献。","（美）卡尔·萨根"
"94",,"[明]袁了凡撰，尚荣、徐敏、赵锐评注，中国当代作家，专注于特定题材创作，代表作包括经典作品多部，其作品以独特写作风格为特色，在相关文学领域具有一定影响力，深受目标读者群体喜爱。","[明]袁了凡撰，尚荣、徐敏、赵锐评注"
"95",,"戴尔•卡内基 (Dale Camegeie)，中国当代作家，专注于特定题材创作，代表作包括经典作品多部，其作品以独特写作风格为特色，在相关文学领域具有一定影响力，深受目标读者群体喜爱。","戴尔•卡内基 (Dale Camegeie)"
"96",,"克里希那穆提，当代创作者，专注于自身擅长领域的内容创作，作品具有一定的思想性与艺术性，在相关受众群体中获得认可与好评。","克里希那穆提"
"97",,"乔丹·彼得森，当代创作者，专注于自身擅长领域的内容创作，作品具有一定的思想性与艺术性，在相关受众群体中获得认可与好评。","乔丹·彼得森"
"98",,"叔本华(Arthur Schopenhauer)，中国当代作家，专注于特定题材创作，代表作包括经典作品多部，其作品以独特写作风格为特色，在相关文学领域具有一定影响力，深受目标读者群体喜爱。","叔本华(Arthur Schopenhauer)"
"99",,"[美] 彼得·德鲁克（Peter F.Drucker） 著，中国当代作家，专注于特定题材创作，代表作包括经典作品多部，其作品以独特写作风格为特色，在相关文学领域具有一定影响力，深受目标读者群体喜爱。","[美] 彼得·德鲁克（Peter F.Drucker） 著"
"100",,"柯林斯，外国当代作家，擅长特定文学领域创作，代表作在国际文坛具有一定知名度，其创作风格独特，对所在国文学发展有积极贡献。","（美）柯林斯"
"101",,"上野千鹤子，当代创作者，专注于自身擅长领域的内容创作，作品具有一定的思想性与艺术性，在相关受众群体中获得认可与好评。","上野千鹤子"
"102",,"〔德〕博多·舍费尔，当代创作者，专注于自身擅长领域的内容创作，作品具有一定的思想性与艺术性，在相关受众群体中获得认可与好评。","〔德〕博多·舍费尔"
"103",,"[德]埃克哈特·托利，中国当代作家，专注于特定题材创作，代表作包括经典作品多部，其作品以独特写作风格为特色，在相关文学领域具有一定影响力，深受目标读者群体喜爱。","[德]埃克哈特·托利"
"104",,"[美]罗伯特·B·西奥迪尼，中国当代作家，专注于特定题材创作，代表作包括经典作品多部，其作品以独特写作风格为特色，在相关文学领域具有一定影响力，深受目标读者群体喜爱。","[美]罗伯特·B·西奥迪尼"
"105",,"项飙，当代创作者，专注于自身擅长领域的内容创作，作品具有一定的思想性与艺术性，在相关受众群体中获得认可与好评。","项飙"
"106",,"希阿荣博堪布，当代创作者，专注于自身擅长领域的内容创作，作品具有一定的思想性与艺术性，在相关受众群体中获得认可与好评。","希阿荣博堪布"
"107",,"脱不花，当代创作者，专注于自身擅长领域的内容创作，作品具有一定的思想性与艺术性，在相关受众群体中获得认可与好评。","脱不花"
"108",,"卡罗琳•克利亚多•佩雷斯，当代创作者，专注于自身擅长领域的内容创作，作品具有一定的思想性与艺术性，在相关受众群体中获得认可与好评。","卡罗琳•克利亚多•佩雷斯"
"109",,"[美] 彼得F.德鲁克（Peter F.Drucker） 著，中国当代作家，专注于特定题材创作，代表作包括经典作品多部，其作品以独特写作风格为特色，在相关文学领域具有一定影响力，深受目标读者群体喜爱。","[美] 彼得F.德鲁克（Peter F.Drucker） 著"
"110",,"[美] 卡罗尔·德韦克，中国当代作家，专注于特定题材创作，代表作包括经典作品多部，其作品以独特写作风格为特色，在相关文学领域具有一定影响力，深受目标读者群体喜爱。","[美] 卡罗尔·德韦克"
"111",,"阿尔弗雷德·阿德勒，当代创作者，专注于自身擅长领域的内容创作，作品具有一定的思想性与艺术性，在相关受众群体中获得认可与好评。","阿尔弗雷德·阿德勒"
"112",,"周岭，当代创作者，专注于自身擅长领域的内容创作，作品具有一定的思想性与艺术性，在相关受众群体中获得认可与好评。","周岭"
"113",,"汉斯·约阿西姆·施杜里希，外国当代作家，擅长特定文学领域创作，代表作在国际文坛具有一定知名度，其创作风格独特，对所在国文学发展有积极贡献。","（德）汉斯·约阿西姆·施杜里希"
"114",,"冯友兰，当代创作者，专注于自身擅长领域的内容创作，作品具有一定的思想性与艺术性，在相关受众群体中获得认可与好评。","冯友兰"
"115",,"【德】叔本华，当代创作者，专注于自身擅长领域的内容创作，作品具有一定的思想性与艺术性，在相关受众群体中获得认可与好评。","【德】叔本华"
"116",,"林欣浩，当代创作者，专注于自身擅长领域的内容创作，作品具有一定的思想性与艺术性，在相关受众群体中获得认可与好评。","林欣浩"
"117",,"威尔•杜兰特 (Will Durant)，中国当代作家，专注于特定题材创作，代表作包括经典作品多部，其作品以独特写作风格为特色，在相关文学领域具有一定影响力，深受目标读者群体喜爱。","威尔•杜兰特 (Will Durant)"
"118",,"[美]罗伯特·所罗门，中国当代作家，专注于特定题材创作，代表作包括经典作品多部，其作品以独特写作风格为特色，在相关文学领域具有一定影响力，深受目标读者群体喜爱。","[美]罗伯特·所罗门"
"119",,"[德]马丁·海德格尔，中国当代作家，专注于特定题材创作，代表作包括经典作品多部，其作品以独特写作风格为特色，在相关文学领域具有一定影响力，深受目标读者群体喜爱。","[德]马丁·海德格尔"
"120",,"莎拉·贝克韦尔，外国当代作家，擅长特定文学领域创作，代表作在国际文坛具有一定知名度，其创作风格独特，对所在国文学发展有积极贡献。","（英）莎拉·贝克韦尔著；沈敏一译"
"121",,"赫尔曼·黑塞，当代创作者，专注于自身擅长领域的内容创作，作品具有一定的思想性与艺术性，在相关受众群体中获得认可与好评。","赫尔曼·黑塞"
"122",,"弗里德里希&#183;尼采，中国当代作家，专注于特定题材创作，代表作包括经典作品多部，其作品以独特写作风格为特色，在相关文学领域具有一定影响力，深受目标读者群体喜爱。","弗里德里希&#183;尼采"
"123",,"尼采，当代创作者，专注于自身擅长领域的内容创作，作品具有一定的思想性与艺术性，在相关受众群体中获得认可与好评。","尼采"
"124",,"柏拉图，当代创作者，专注于自身擅长领域的内容创作，作品具有一定的思想性与艺术性，在相关受众群体中获得认可与好评。","柏拉图"
"125",,"福柯，当代创作者，专注于自身擅长领域的内容创作，作品具有一定的思想性与艺术性，在相关受众群体中获得认可与好评。","福柯"
"126",,"康德(Kant.I.)，中国当代作家，专注于特定题材创作，代表作包括经典作品多部，其作品以独特写作风格为特色，在相关文学领域具有一定影响力，深受目标读者群体喜爱。","康德(Kant.I.)"
"127",,"[挪]乔斯坦·贾德，中国当代作家，专注于特定题材创作，代表作包括经典作品多部，其作品以独特写作风格为特色，在相关文学领域具有一定影响力，深受目标读者群体喜爱。","[挪]乔斯坦·贾德"
"128",,"罗素 ,张作成编，外国当代作家，擅长特定文学领域创作，代表作在国际文坛具有一定知名度，其创作风格独特，对所在国文学发展有积极贡献。","（英）罗素 ,张作成编译"
"129",,"邓晓芒 赵林，当代创作者，专注于自身擅长领域的内容创作，作品具有一定的思想性与艺术性，在相关受众群体中获得认可与好评。","邓晓芒 赵林"
"130",,"赵林，当代创作者，专注于自身擅长领域的内容创作，作品具有一定的思想性与艺术性，在相关受众群体中获得认可与好评。","赵林"
"131",,"皮特·沃克，当代创作者，专注于自身擅长领域的内容创作，作品具有一定的思想性与艺术性，在相关受众群体中获得认可与好评。","皮特·沃克"
"132",,"古斯塔夫•勒庞，当代创作者，专注于自身擅长领域的内容创作，作品具有一定的思想性与艺术性，在相关受众群体中获得认可与好评。","古斯塔夫•勒庞"
"133",,"洛莉·戈特利布，当代创作者，专注于自身擅长领域的内容创作，作品具有一定的思想性与艺术性，在相关受众群体中获得认可与好评。","洛莉·戈特利布"
"134",,"维•迈尔斯，当代创作者，专注于自身擅长领域的内容创作，作品具有一定的思想性与艺术性，在相关受众群体中获得认可与好评。","维•迈尔斯"
"135",,"[美] 理查德·格里格，中国当代作家，专注于特定题材创作，代表作包括经典作品多部，其作品以独特写作风格为特色，在相关文学领域具有一定影响力，深受目标读者群体喜爱。","[美] 理查德·格里格"
"136",,"盖伊·温奇博士 (Guy Winch Ph.D)，中国当代作家，专注于特定题材创作，代表作包括经典作品多部，其作品以独特写作风格为特色，在相关文学领域具有一定影响力，深受目标读者群体喜爱。","盖伊·温奇博士 (Guy Winch Ph.D)"
"137",,"简·博克(Jane B.Burka)，中国当代作家，专注于特定题材创作，代表作包括经典作品多部，其作品以独特写作风格为特色，在相关文学领域具有一定影响力，深受目标读者群体喜爱。","简·博克(Jane B.Burka)"
"138",,"奥古斯都•纳皮尔，当代创作者，专注于自身擅长领域的内容创作，作品具有一定的思想性与艺术性，在相关受众群体中获得认可与好评。","奥古斯都•纳皮尔"
"139",,"〔美〕弗洛姆，当代创作者，专注于自身擅长领域的内容创作，作品具有一定的思想性与艺术性，在相关受众群体中获得认可与好评。","〔美〕弗洛姆"
"140",,"史蒂夫·阿若优，当代创作者，专注于自身擅长领域的内容创作，作品具有一定的思想性与艺术性，在相关受众群体中获得认可与好评。","史蒂夫·阿若优"
"141",,"[美]戴维·迈尔斯，中国当代作家，专注于特定题材创作，代表作包括经典作品多部，其作品以独特写作风格为特色，在相关文学领域具有一定影响力，深受目标读者群体喜爱。","[美]戴维·迈尔斯"
"142",,"Elliot Aronson，中国当代作家，专注于特定题材创作，代表作包括经典作品多部，其作品以独特写作风格为特色，在相关文学领域具有一定影响力，深受目标读者群体喜爱。","Elliot Aronson"
"143",,"【美】麦格尼格尔，当代创作者，专注于自身擅长领域的内容创作，作品具有一定的思想性与艺术性，在相关受众群体中获得认可与好评。","【美】麦格尼格尔"
"144",,"罗伯特•戴博德，外国当代作家，擅长特定文学领域创作，代表作在国际文坛具有一定知名度，其创作风格独特，对所在国文学发展有积极贡献。","（英）罗伯特•戴博德"
"145",,"基思·斯坦诺维奇，当代创作者，专注于自身擅长领域的内容创作，作品具有一定的思想性与艺术性，在相关受众群体中获得认可与好评。","基思·斯坦诺维奇"
"146",,"【美】摩根·豪泽尔，当代创作者，专注于自身擅长领域的内容创作，作品具有一定的思想性与艺术性，在相关受众群体中获得认可与好评。","【美】摩根·豪泽尔"
"147",,"郭建龙，当代创作者，专注于自身擅长领域的内容创作，作品具有一定的思想性与艺术性，在相关受众群体中获得认可与好评。","郭建龙"
"148",,"陶然，当代创作者，专注于自身擅长领域的内容创作，作品具有一定的思想性与艺术性，在相关受众群体中获得认可与好评。","陶然"
"149",,"刘擎，当代创作者，专注于自身擅长领域的内容创作，作品具有一定的思想性与艺术性，在相关受众群体中获得认可与好评。","刘擎"
"150",,"郑永年，当代创作者，专注于自身擅长领域的内容创作，作品具有一定的思想性与艺术性，在相关受众群体中获得认可与好评。","郑永年"
"151",,"乔治·奥威尔(George Orwell)，中国当代作家，专注于特定题材创作，代表作包括经典作品多部，其作品以独特写作风格为特色，在相关文学领域具有一定影响力，深受目标读者群体喜爱。","乔治·奥威尔(George Orwell)"
"152",,"华杉，当代创作者，专注于自身擅长领域的内容创作，作品具有一定的思想性与艺术性，在相关受众群体中获得认可与好评。","华杉"
"153",,"若泽·萨拉马戈，当代创作者，专注于自身擅长领域的内容创作，作品具有一定的思想性与艺术性，在相关受众群体中获得认可与好评。","若泽·萨拉马戈"
"154",,"刘勃，当代创作者，专注于自身擅长领域的内容创作，作品具有一定的思想性与艺术性，在相关受众群体中获得认可与好评。","刘勃"
"155",,"马克斯·韦伯 (Max Weber)，中国当代作家，专注于特定题材创作，代表作包括经典作品多部，其作品以独特写作风格为特色，在相关文学领域具有一定影响力，深受目标读者群体喜爱。","马克斯·韦伯 (Max Weber)"
"156",,"[德]恩格斯 中共中央马克思恩格斯列宁斯大林著作编译局译，中国当代作家，专注于特定题材创作，代表作包括经典作品多部，其作品以独特写作风格为特色，在相关文学领域具有一定影响力，深受目标读者群体喜爱。","[德]恩格斯 中共中央马克思恩格斯列宁斯大林著作编译局译"
"157",,"本尼迪克特·安德森，当代创作者，专注于自身擅长领域的内容创作，作品具有一定的思想性与艺术性，在相关受众群体中获得认可与好评。","本尼迪克特·安德森"
"158",,"亚里士多德，当代创作者，专注于自身擅长领域的内容创作，作品具有一定的思想性与艺术性，在相关受众群体中获得认可与好评。","亚里士多德"
"159",,"[美]弗朗西斯·福山(著)，中国当代作家，专注于特定题材创作，代表作包括经典作品多部，其作品以独特写作风格为特色，在相关文学领域具有一定影响力，深受目标读者群体喜爱。","[美]弗朗西斯·福山(著)"
"160",,"章奇，当代创作者，专注于自身擅长领域的内容创作，作品具有一定的思想性与艺术性，在相关受众群体中获得认可与好评。","章奇"
"161",,"杜布拉夫卡·乌格雷西奇，当代创作者，专注于自身擅长领域的内容创作，作品具有一定的思想性与艺术性，在相关受众群体中获得认可与好评。","杜布拉夫卡·乌格雷西奇"
"162",,"理查德·J.埃文斯，中国当代作家，专注于特定题材创作，代表作包括经典作品多部，其作品以独特写作风格为特色，在相关文学领域具有一定影响力，深受目标读者群体喜爱。","理查德·J.埃文斯"
"163",,"阿道斯·伦纳德·赫胥黎，当代创作者，专注于自身擅长领域的内容创作，作品具有一定的思想性与艺术性，在相关受众群体中获得认可与好评。","阿道斯·伦纳德·赫胥黎"
"164",,"马里奥·巴尔加斯·略萨，当代创作者，专注于自身擅长领域的内容创作，作品具有一定的思想性与艺术性，在相关受众群体中获得认可与好评。","马里奥·巴尔加斯·略萨"
"165",,"[美] Stephen Prata，中国当代作家，专注于特定题材创作，代表作包括经典作品多部，其作品以独特写作风格为特色，在相关文学领域具有一定影响力，深受目标读者群体喜爱。","[美] Stephen Prata"
"166",,"亨利·黑兹利特，当代创作者，专注于自身擅长领域的内容创作，作品具有一定的思想性与艺术性，在相关受众群体中获得认可与好评。","亨利·黑兹利特"
"167",,"莫里斯·克莱因，当代创作者，专注于自身擅长领域的内容创作，作品具有一定的思想性与艺术性，在相关受众群体中获得认可与好评。","莫里斯·克莱因"
"168",,"劳伦斯·布洛克，当代创作者，专注于自身擅长领域的内容创作，作品具有一定的思想性与艺术性，在相关受众群体中获得认可与好评。","劳伦斯·布洛克"
"169",,"彼得·凯弗，当代创作者，专注于自身擅长领域的内容创作，作品具有一定的思想性与艺术性，在相关受众群体中获得认可与好评。","彼得·凯弗"
"170",,"乔希·维茨金，当代创作者，专注于自身擅长领域的内容创作，作品具有一定的思想性与艺术性，在相关受众群体中获得认可与好评。","乔希·维茨金"
"171",,"约翰·特鲁比，当代创作者，专注于自身擅长领域的内容创作，作品具有一定的思想性与艺术性，在相关受众群体中获得认可与好评。","约翰·特鲁比"
"172",,"吴军，当代创作者，专注于自身擅长领域的内容创作，作品具有一定的思想性与艺术性，在相关受众群体中获得认可与好评。","吴军"
"173",,"【法】让-亨利·法布尔（Jean-Henri Fabre），中国当代作家，专注于特定题材创作，代表作包括经典作品多部，其作品以独特写作风格为特色，在相关文学领域具有一定影响力，深受目标读者群体喜爱。","【法】让-亨利·法布尔（Jean-Henri Fabre）"
"174",,"德·亚米契斯，当代创作者，专注于自身擅长领域的内容创作，作品具有一定的思想性与艺术性，在相关受众群体中获得认可与好评。","德·亚米契斯"
"175",,"考拉小巫，当代创作者，专注于自身擅长领域的内容创作，作品具有一定的思想性与艺术性，在相关受众群体中获得认可与好评。","考拉小巫"
"176",,"中共中央宣传部宣传教育局，当代创作者，专注于自身擅长领域的内容创作，作品具有一定的思想性与艺术性，在相关受众群体中获得认可与好评。","中共中央宣传部宣传教育局"
"177",,"杨立新，当代创作者，专注于自身擅长领域的内容创作，作品具有一定的思想性与艺术性，在相关受众群体中获得认可与好评。","杨立新"
"178",,"苏成捷，当代创作者，专注于自身擅长领域的内容创作，作品具有一定的思想性与艺术性，在相关受众群体中获得认可与好评。","苏成捷"
"179",,"王利明，当代创作者，专注于自身擅长领域的内容创作，作品具有一定的思想性与艺术性，在相关受众群体中获得认可与好评。","王利明"
"180",,"[美]杰弗里·图宾 著/何帆 译，中国当代作家，专注于特定题材创作，代表作包括经典作品多部，其作品以独特写作风格为特色，在相关文学领域具有一定影响力，深受目标读者群体喜爱。","[美]杰弗里·图宾 著/何帆 译"
"181",,"李贞德，当代创作者，专注于自身擅长领域的内容创作，作品具有一定的思想性与艺术性，在相关受众群体中获得认可与好评。","李贞德"
"182",,"罗翔，当代创作者，专注于自身擅长领域的内容创作，作品具有一定的思想性与艺术性，在相关受众群体中获得认可与好评。","罗翔"
"183",,"【美国】雷金纳德·罗斯，当代创作者，专注于自身擅长领域的内容创作，作品具有一定的思想性与艺术性，在相关受众群体中获得认可与好评。","【美国】雷金纳德·罗斯"
"184",,"雷霆，当代创作者，专注于自身擅长领域的内容创作，作品具有一定的思想性与艺术性，在相关受众群体中获得认可与好评。","雷霆"
"185",,"张千帆，当代创作者，专注于自身擅长领域的内容创作，作品具有一定的思想性与艺术性，在相关受众群体中获得认可与好评。","张千帆"
"186",,"[美] 安东尼·刘易斯，中国当代作家，专注于特定题材创作，代表作包括经典作品多部，其作品以独特写作风格为特色，在相关文学领域具有一定影响力，深受目标读者群体喜爱。","[美] 安东尼·刘易斯"
"187",,"博登海默，当代创作者，专注于自身擅长领域的内容创作，作品具有一定的思想性与艺术性，在相关受众群体中获得认可与好评。","博登海默"
"188",,"【美】萨伯，当代创作者，专注于自身擅长领域的内容创作，作品具有一定的思想性与艺术性，在相关受众群体中获得认可与好评。","【美】萨伯"
"189",,"任东来 白雪峰 陈伟，当代创作者，专注于自身擅长领域的内容创作，作品具有一定的思想性与艺术性，在相关受众群体中获得认可与好评。","任东来 白雪峰 陈伟"
"190",,"（美）刘易斯（Lewis，A）著；徐爽译，中国当代作家，专注于特定题材创作，代表作包括经典作品多部，其作品以独特写作风格为特色，在相关文学领域具有一定影响力，深受目标读者群体喜爱。","（美）刘易斯（Lewis，A）著；徐爽译"
"191",,"孟德斯鸠，当代创作者，专注于自身擅长领域的内容创作，作品具有一定的思想性与艺术性，在相关受众群体中获得认可与好评。","孟德斯鸠"
"192",,"切萨雷·贝卡里亚，当代创作者，专注于自身擅长领域的内容创作，作品具有一定的思想性与艺术性，在相关受众群体中获得认可与好评。","切萨雷·贝卡里亚"
"193",,"谷川俊太郎，当代创作者，专注于自身擅长领域的内容创作，作品具有一定的思想性与艺术性，在相关受众群体中获得认可与好评。","谷川俊太郎"
"194",,"杨柳松，当代创作者，专注于自身擅长领域的内容创作，作品具有一定的思想性与艺术性，在相关受众群体中获得认可与好评。","杨柳松"
"195",,"Marty Cagan，中国当代作家，专注于特定题材创作，代表作包括经典作品多部，其作品以独特写作风格为特色，在相关文学领域具有一定影响力，深受目标读者群体喜爱。","Marty Cagan"
"196",,"逯薇，当代创作者，专注于自身擅长领域的内容创作，作品具有一定的思想性与艺术性，在相关受众群体中获得认可与好评。","逯薇"
"197",,"克洛德·列维-斯特劳斯，当代创作者，专注于自身擅长领域的内容创作，作品具有一定的思想性与艺术性，在相关受众群体中获得认可与好评。","克洛德·列维-斯特劳斯"
"198",,"阿诺德•施瓦辛格，当代创作者，专注于自身擅长领域的内容创作，作品具有一定的思想性与艺术性，在相关受众群体中获得认可与好评。","阿诺德•施瓦辛格"
"199",,"【英】德波顿，当代创作者，专注于自身擅长领域的内容创作，作品具有一定的思想性与艺术性，在相关受众群体中获得认可与好评。","【英】德波顿"
"200",,"马克·劳伦，当代创作者，专注于自身擅长领域的内容创作，作品具有一定的思想性与艺术性，在相关受众群体中获得认可与好评。","马克·劳伦"
"201",,"森下典子，当代创作者，专注于自身擅长领域的内容创作，作品具有一定的思想性与艺术性，在相关受众群体中获得认可与好评。","森下典子"
"202",,"彼得·渥雷本，外国当代作家，擅长特定文学领域创作，代表作在国际文坛具有一定知名度，其创作风格独特，对所在国文学发展有积极贡献。","（德）彼得·渥雷本"
"203",,"伊恩·麦克尼尔，当代创作者，专注于自身擅长领域的内容创作，作品具有一定的思想性与艺术性，在相关受众群体中获得认可与好评。","伊恩·麦克尼尔"
"204",,"安德烈·巴赞，当代创作者，专注于自身擅长领域的内容创作，作品具有一定的思想性与艺术性，在相关受众群体中获得认可与好评。","安德烈·巴赞"
"205",,"斌卡，当代创作者，专注于自身擅长领域的内容创作，作品具有一定的思想性与艺术性，在相关受众群体中获得认可与好评。","斌卡"
"206",,"小鹏，当代创作者，专注于自身擅长领域的内容创作，作品具有一定的思想性与艺术性，在相关受众群体中获得认可与好评。","小鹏"
"207",,"[日]原研哉，中国当代作家，专注于特定题材创作，代表作包括经典作品多部，其作品以独特写作风格为特色，在相关文学领域具有一定影响力，深受目标读者群体喜爱。","[日]原研哉"
"208",,"乔治•希恩，外国当代作家，擅长特定文学领域创作，代表作在国际文坛具有一定知名度，其创作风格独特，对所在国文学发展有积极贡献。","（美）乔治•希恩"
"209",,"[美]乔恩·克拉考尔（Jon Krakauer），中国当代作家，专注于特定题材创作，代表作包括经典作品多部，其作品以独特写作风格为特色，在相关文学领域具有一定影响力，深受目标读者群体喜爱。","[美]乔恩·克拉考尔（Jon Krakauer）"
"210",,"梁羽生，当代创作者，专注于自身擅长领域的内容创作，作品具有一定的思想性与艺术性，在相关受众群体中获得认可与好评。","梁羽生"
"211",,"钱穆，当代创作者，专注于自身擅长领域的内容创作，作品具有一定的思想性与艺术性，在相关受众群体中获得认可与好评。","钱穆"
"212",,"度阴山，当代创作者，专注于自身擅长领域的内容创作，作品具有一定的思想性与艺术性，在相关受众群体中获得认可与好评。","度阴山"
"213",,"罗曼·罗兰，当代创作者，专注于自身擅长领域的内容创作，作品具有一定的思想性与艺术性，在相关受众群体中获得认可与好评。","罗曼·罗兰"
"214",,"史杰鹏，当代创作者，专注于自身擅长领域的内容创作，作品具有一定的思想性与艺术性，在相关受众群体中获得认可与好评。","史杰鹏"
"215",,"吴起，当代创作者，专注于自身擅长领域的内容创作，作品具有一定的思想性与艺术性，在相关受众群体中获得认可与好评。","吴起"
"216",,"元代辛文房，当代创作者，专注于自身擅长领域的内容创作，作品具有一定的思想性与艺术性，在相关受众群体中获得认可与好评。","元代辛文房"
"217",,"徐岩岩，当代创作者，专注于自身擅长领域的内容创作，作品具有一定的思想性与艺术性，在相关受众群体中获得认可与好评。","徐岩岩"
"218",,"李凡，当代创作者，专注于自身擅长领域的内容创作，作品具有一定的思想性与艺术性，在相关受众群体中获得认可与好评。","李凡"
"219",,"杨博文，当代创作者，专注于自身擅长领域的内容创作，作品具有一定的思想性与艺术性，在相关受众群体中获得认可与好评。","杨博文"
"220",,"季羡林, ePUBw.COM，中国当代作家，专注于特定题材创作，代表作包括经典作品多部，其作品以独特写作风格为特色，在相关文学领域具有一定影响力，深受目标读者群体喜爱。","季羡林, ePUBw.COM"
"221",,"丹尼尔·哈列维，当代创作者，专注于自身擅长领域的内容创作，作品具有一定的思想性与艺术性，在相关受众群体中获得认可与好评。","丹尼尔·哈列维"
"222",,"[美]曼弗雷德·库恩，中国当代作家，专注于特定题材创作，代表作包括经典作品多部，其作品以独特写作风格为特色，在相关文学领域具有一定影响力，深受目标读者群体喜爱。","[美]曼弗雷德·库恩"
"223",,"张永滨，当代创作者，专注于自身擅长领域的内容创作，作品具有一定的思想性与艺术性，在相关受众群体中获得认可与好评。","张永滨"
"224",,"亚历山大·乔治，当代创作者，专注于自身擅长领域的内容创作，作品具有一定的思想性与艺术性，在相关受众群体中获得认可与好评。","亚历山大·乔治"
"225",,"冯承鈞，当代创作者，专注于自身擅长领域的内容创作，作品具有一定的思想性与艺术性，在相关受众群体中获得认可与好评。","冯承鈞"
"226",,"图说天下世界历史系列编委会，当代创作者，专注于自身擅长领域的内容创作，作品具有一定的思想性与艺术性，在相关受众群体中获得认可与好评。","图说天下世界历史系列编委会"
"227",,"杰斐逊 (Jefferson T.)，中国当代作家，专注于特定题材创作，代表作包括经典作品多部，其作品以独特写作风格为特色，在相关文学领域具有一定影响力，深受目标读者群体喜爱。","杰斐逊 (Jefferson T.)"
"228",,"唐浩明，当代创作者，专注于自身擅长领域的内容创作，作品具有一定的思想性与艺术性，在相关受众群体中获得认可与好评。","唐浩明"
"229",,"凌翔，当代创作者，专注于自身擅长领域的内容创作，作品具有一定的思想性与艺术性，在相关受众群体中获得认可与好评。","凌翔"
"230",,"佚名，当代创作者，专注于自身擅长领域的内容创作，作品具有一定的思想性与艺术性，在相关受众群体中获得认可与好评。","佚名"
"231",,"周绚隆主编，当代创作者，专注于自身擅长领域的内容创作，作品具有一定的思想性与艺术性，在相关受众群体中获得认可与好评。","周绚隆主编"
"232",,"张清平，当代创作者，专注于自身擅长领域的内容创作，作品具有一定的思想性与艺术性，在相关受众群体中获得认可与好评。","张清平"
"233",,"梁冬, ePUBw.COM，中国当代作家，专注于特定题材创作，代表作包括经典作品多部，其作品以独特写作风格为特色，在相关文学领域具有一定影响力，深受目标读者群体喜爱。","梁冬, ePUBw.COM"
"234",,"张新颖，当代创作者，专注于自身擅长领域的内容创作，作品具有一定的思想性与艺术性，在相关受众群体中获得认可与好评。","张新颖"
"235",,"[西汉]刘安撰 陈广忠译，中国当代作家，专注于特定题材创作，代表作包括经典作品多部，其作品以独特写作风格为特色，在相关文学领域具有一定影响力，深受目标读者群体喜爱。","[西汉]刘安撰 陈广忠译"
"236",,"-，当代创作者，专注于自身擅长领域的内容创作，作品具有一定的思想性与艺术性，在相关受众群体中获得认可与好评。","-"
"237",,"微软用户，当代创作者，专注于自身擅长领域的内容创作，作品具有一定的思想性与艺术性，在相关受众群体中获得认可与好评。","微软用户"
"238",,"刘亚伟编著，当代创作者，专注于自身擅长领域的内容创作，作品具有一定的思想性与艺术性，在相关受众群体中获得认可与好评。","刘亚伟编著"
"239",,"梁启超，当代创作者，专注于自身擅长领域的内容创作，作品具有一定的思想性与艺术性，在相关受众群体中获得认可与好评。","梁启超"
"240",,"[南非]纳尔逊·曼德拉(著)，中国当代作家，专注于特定题材创作，代表作包括经典作品多部，其作品以独特写作风格为特色，在相关文学领域具有一定影响力，深受目标读者群体喜爱。","[南非]纳尔逊·曼德拉(著)"
"241",,"程思远，当代创作者，专注于自身擅长领域的内容创作，作品具有一定的思想性与艺术性，在相关受众群体中获得认可与好评。","程思远"
"242",,"李山，当代创作者，专注于自身擅长领域的内容创作，作品具有一定的思想性与艺术性，在相关受众群体中获得认可与好评。","李山"
"243",,"邹志方，当代创作者，专注于自身擅长领域的内容创作，作品具有一定的思想性与艺术性，在相关受众群体中获得认可与好评。","邹志方"
"244",,"10-2011-716号，中国当代作家，专注于特定题材创作，代表作包括经典作品多部，其作品以独特写作风格为特色，在相关文学领域具有一定影响力，深受目标读者群体喜爱。","10-2011-716号"
"245",,"刘全福，当代创作者，专注于自身擅长领域的内容创作，作品具有一定的思想性与艺术性，在相关受众群体中获得认可与好评。","刘全福"
"246",,"安德鲁·霍奇斯，当代创作者，专注于自身擅长领域的内容创作，作品具有一定的思想性与艺术性，在相关受众群体中获得认可与好评。","安德鲁·霍奇斯"
"247",,"孙晓，当代创作者，专注于自身擅长领域的内容创作，作品具有一定的思想性与艺术性，在相关受众群体中获得认可与好评。","孙晓"
"248",,"杨照，当代创作者，专注于自身擅长领域的内容创作，作品具有一定的思想性与艺术性，在相关受众群体中获得认可与好评。","杨照"
"249",,"赵涵漠，当代创作者，专注于自身擅长领域的内容创作，作品具有一定的思想性与艺术性，在相关受众群体中获得认可与好评。","赵涵漠"
"250",,"叶依, SoBooKs.cc，中国当代作家，专注于特定题材创作，代表作包括经典作品多部，其作品以独特写作风格为特色，在相关文学领域具有一定影响力，深受目标读者群体喜爱。","叶依, SoBooKs.cc"
"251",,"童苏平，邢娓娓，当代创作者，专注于自身擅长领域的内容创作，作品具有一定的思想性与艺术性，在相关受众群体中获得认可与好评。","童苏平，邢娓娓"
"252",,"岳南，当代创作者，专注于自身擅长领域的内容创作，作品具有一定的思想性与艺术性，在相关受众群体中获得认可与好评。","岳南"
"253",,"周鸿祎，当代创作者，专注于自身擅长领域的内容创作，作品具有一定的思想性与艺术性，在相关受众群体中获得认可与好评。","周鸿祎"
"254",,"迭戈•马拉多纳，当代创作者，专注于自身擅长领域的内容创作，作品具有一定的思想性与艺术性，在相关受众群体中获得认可与好评。","迭戈•马拉多纳"
"255",,"谷风 著，当代创作者，专注于自身擅长领域的内容创作，作品具有一定的思想性与艺术性，在相关受众群体中获得认可与好评。","谷风 著"
"256",,"郑渊洁，当代创作者，专注于自身擅长领域的内容创作，作品具有一定的思想性与艺术性，在相关受众群体中获得认可与好评。","郑渊洁"
"257",,"朱正，当代创作者，专注于自身擅长领域的内容创作，作品具有一定的思想性与艺术性，在相关受众群体中获得认可与好评。","朱正"
"258",,"高振敏，当代创作者，专注于自身擅长领域的内容创作，作品具有一定的思想性与艺术性，在相关受众群体中获得认可与好评。","高振敏"
"259",,"浙江少年儿童出版社，当代创作者，专注于自身擅长领域的内容创作，作品具有一定的思想性与艺术性，在相关受众群体中获得认可与好评。","浙江少年儿童出版社"
"260",,"flyisland，中国当代作家，专注于特定题材创作，代表作包括经典作品多部，其作品以独特写作风格为特色，在相关文学领域具有一定影响力，深受目标读者群体喜爱。","flyisland"
"261",,"de Saint-Exupéry, Antoine，中国当代作家，专注于特定题材创作，代表作包括经典作品多部，其作品以独特写作风格为特色，在相关文学领域具有一定影响力，深受目标读者群体喜爱。","de Saint-Exupéry, Antoine"
"262",,"伊索 (Aesop)，中国当代作家，专注于特定题材创作，代表作包括经典作品多部，其作品以独特写作风格为特色，在相关文学领域具有一定影响力，深受目标读者群体喜爱。","伊索 (Aesop)"
"263",,"安徒生(Andersen.H.C.)，中国当代作家，专注于特定题材创作，代表作包括经典作品多部，其作品以独特写作风格为特色，在相关文学领域具有一定影响力，深受目标读者群体喜爱。","安徒生(Andersen.H.C.)"
"264",,"弗兰西斯·培根 (Bacon F.)，中国当代作家，专注于特定题材创作，代表作包括经典作品多部，其作品以独特写作风格为特色，在相关文学领域具有一定影响力，深受目标读者群体喜爱。","弗兰西斯·培根 (Bacon F.)"
"265",,"伊迪丝·内斯比特，当代创作者，专注于自身擅长领域的内容创作，作品具有一定的思想性与艺术性，在相关受众群体中获得认可与好评。","伊迪丝·内斯比特"
"266",,"尤瓦尔·赫拉利，当代创作者，专注于自身擅长领域的内容创作，作品具有一定的思想性与艺术性，在相关受众群体中获得认可与好评。","尤瓦尔·赫拉利"
"267",,"奥斯卡•王尔德，当代创作者，专注于自身擅长领域的内容创作，作品具有一定的思想性与艺术性，在相关受众群体中获得认可与好评。","奥斯卡•王尔德"
"268",,"圣野，当代创作者，专注于自身擅长领域的内容创作，作品具有一定的思想性与艺术性，在相关受众群体中获得认可与好评。","圣野"
"269",,"吴锋，当代创作者，专注于自身擅长领域的内容创作，作品具有一定的思想性与艺术性，在相关受众群体中获得认可与好评。","吴锋"
"270",,"蘅塘退士，当代创作者，专注于自身擅长领域的内容创作，作品具有一定的思想性与艺术性，在相关受众群体中获得认可与好评。","蘅塘退士"
"271",,"周锐，当代创作者，专注于自身擅长领域的内容创作，作品具有一定的思想性与艺术性，在相关受众群体中获得认可与好评。","周锐"
"272",,"刘艳华，当代创作者，专注于自身擅长领域的内容创作，作品具有一定的思想性与艺术性，在相关受众群体中获得认可与好评。","刘艳华"
"273",,"华夏，当代创作者，专注于自身擅长领域的内容创作，作品具有一定的思想性与艺术性，在相关受众群体中获得认可与好评。","华夏"
"274",,"果麦，当代创作者，专注于自身擅长领域的内容创作，作品具有一定的思想性与艺术性，在相关受众群体中获得认可与好评。","果麦"
"275",,"艾莉森·高普尼克，当代创作者，专注于自身擅长领域的内容创作，作品具有一定的思想性与艺术性，在相关受众群体中获得认可与好评。","艾莉森·高普尼克"
"276",,"河合隼雄，外国当代作家，擅长特定文学领域创作，代表作在国际文坛具有一定知名度，其创作风格独特，对所在国文学发展有积极贡献。","（日）河合隼雄著"
"277",,"杨永青，当代创作者，专注于自身擅长领域的内容创作，作品具有一定的思想性与艺术性，在相关受众群体中获得认可与好评。","杨永青"
"278",,"孙红颖，当代创作者，专注于自身擅长领域的内容创作，作品具有一定的思想性与艺术性，在相关受众群体中获得认可与好评。","孙红颖"
"279",,"顾新佳，当代创作者，专注于自身擅长领域的内容创作，作品具有一定的思想性与艺术性，在相关受众群体中获得认可与好评。","顾新佳"
"280",,"陆卫英，当代创作者，专注于自身擅长领域的内容创作，作品具有一定的思想性与艺术性，在相关受众群体中获得认可与好评。","陆卫英"
"281",,"王艳娟，当代创作者，专注于自身擅长领域的内容创作，作品具有一定的思想性与艺术性，在相关受众群体中获得认可与好评。","王艳娟"
"282",,"余仁唐，当代创作者，专注于自身擅长领域的内容创作，作品具有一定的思想性与艺术性，在相关受众群体中获得认可与好评。","余仁唐"
"283",,"黄宇，当代创作者，专注于自身擅长领域的内容创作，作品具有一定的思想性与艺术性，在相关受众群体中获得认可与好评。","黄宇"
"284",,"孙幼军，当代创作者，专注于自身擅长领域的内容创作，作品具有一定的思想性与艺术性，在相关受众群体中获得认可与好评。","孙幼军"
"285",,"赵君 , 吴波 ，外国当代作家，擅长特定文学领域创作，代表作在国际文坛具有一定知名度，其创作风格独特，对所在国文学发展有积极贡献。","赵君 (作者), 吴波 (插图作者)"
"286",,"亚奇·聂比奇(Jackie Nibisch)，中国当代作家，专注于特定题材创作，代表作包括经典作品多部，其作品以独特写作风格为特色，在相关文学领域具有一定影响力，深受目标读者群体喜爱。","亚奇·聂比奇(Jackie Nibisch)"
"287",,"洪汛涛，当代创作者，专注于自身擅长领域的内容创作，作品具有一定的思想性与艺术性，在相关受众群体中获得认可与好评。","洪汛涛"
"288",,"（加） 马特尔（Martel,Y.）著；（克罗）托 亚纳克图；姚媛译.，中国当代作家，专注于特定题材创作，代表作包括经典作品多部，其作品以独特写作风格为特色，在相关文学领域具有一定影响力，深受目标读者群体喜爱。","（加） 马特尔（Martel,Y.）著；（克罗）托 亚纳克图；姚媛译."
"289",,"张嘉骅，当代创作者，专注于自身擅长领域的内容创作，作品具有一定的思想性与艺术性，在相关受众群体中获得认可与好评。","张嘉骅"
"290",,"朱庆和，当代创作者，专注于自身擅长领域的内容创作，作品具有一定的思想性与艺术性，在相关受众群体中获得认可与好评。","朱庆和"
"291",,"[英]毕翠克丝·波特，中国当代作家，专注于特定题材创作，代表作包括经典作品多部，其作品以独特写作风格为特色，在相关文学领域具有一定影响力，深受目标读者群体喜爱。","[英]毕翠克丝·波特"
"292",,"爱林文化，当代创作者，专注于自身擅长领域的内容创作，作品具有一定的思想性与艺术性，在相关受众群体中获得认可与好评。","爱林文化"
"293",,"青少科普编委会，当代创作者，专注于自身擅长领域的内容创作，作品具有一定的思想性与艺术性，在相关受众群体中获得认可与好评。","青少科普编委会"
"294",,"毛吉鹏，当代创作者，专注于自身擅长领域的内容创作，作品具有一定的思想性与艺术性，在相关受众群体中获得认可与好评。","毛吉鹏"
"295",,"黄蓓佳，当代创作者，专注于自身擅长领域的内容创作，作品具有一定的思想性与艺术性，在相关受众群体中获得认可与好评。","黄蓓佳"
"296",,"李昌镐，当代创作者，专注于自身擅长领域的内容创作，作品具有一定的思想性与艺术性，在相关受众群体中获得认可与好评。","李昌镐"
"297",,"毕淑敏，当代创作者，专注于自身擅长领域的内容创作，作品具有一定的思想性与艺术性，在相关受众群体中获得认可与好评。","毕淑敏"
"298",,"【巴西】保罗·柯艾略, ePUBw.COM，中国当代作家，专注于特定题材创作，代表作包括经典作品多部，其作品以独特写作风格为特色，在相关文学领域具有一定影响力，深受目标读者群体喜爱。","【巴西】保罗·柯艾略, ePUBw.COM"
"299",,"洋洋兔，当代创作者，专注于自身擅长领域的内容创作，作品具有一定的思想性与艺术性，在相关受众群体中获得认可与好评。","洋洋兔"
"300",,"《画说汉字》编辑部编著，当代创作者，专注于自身擅长领域的内容创作，作品具有一定的思想性与艺术性，在相关受众群体中获得认可与好评。","《画说汉字》编辑部编著"
"301",,"金正昆，当代创作者，专注于自身擅长领域的内容创作，作品具有一定的思想性与艺术性，在相关受众群体中获得认可与好评。","金正昆"
"302",,"滕毓旭，当代创作者，专注于自身擅长领域的内容创作，作品具有一定的思想性与艺术性，在相关受众群体中获得认可与好评。","滕毓旭"
"303",,"六神磊磊, ePUBw.COM，中国当代作家，专注于特定题材创作，代表作包括经典作品多部，其作品以独特写作风格为特色，在相关文学领域具有一定影响力，深受目标读者群体喜爱。","六神磊磊, ePUBw.COM"
"304",,"杨金志，当代创作者，专注于自身擅长领域的内容创作，作品具有一定的思想性与艺术性，在相关受众群体中获得认可与好评。","杨金志"
"305",,"1，中国当代作家，专注于特定题材创作，代表作包括经典作品多部，其作品以独特写作风格为特色，在相关文学领域具有一定影响力，深受目标读者群体喜爱。","1"
"306",,"金波，当代创作者，专注于自身擅长领域的内容创作，作品具有一定的思想性与艺术性，在相关受众群体中获得认可与好评。","金波"
"307",,"杨鹏，当代创作者，专注于自身擅长领域的内容创作，作品具有一定的思想性与艺术性，在相关受众群体中获得认可与好评。","杨鹏"
"308",,"泡爸，当代创作者，专注于自身擅长领域的内容创作，作品具有一定的思想性与艺术性，在相关受众群体中获得认可与好评。","泡爸"
"309",,"陈卫平、沙永玲主编，当代创作者，专注于自身擅长领域的内容创作，作品具有一定的思想性与艺术性，在相关受众群体中获得认可与好评。","陈卫平、沙永玲主编"
"310",,"程磊，当代创作者，专注于自身擅长领域的内容创作，作品具有一定的思想性与艺术性，在相关受众群体中获得认可与好评。","程磊"
"311",,"李静，当代创作者，专注于自身擅长领域的内容创作，作品具有一定的思想性与艺术性，在相关受众群体中获得认可与好评。","李静"
"312",,"本书编写组，当代创作者，专注于自身擅长领域的内容创作，作品具有一定的思想性与艺术性，在相关受众群体中获得认可与好评。","本书编写组"
"313",,"安健 主编，当代创作者，专注于自身擅长领域的内容创作，作品具有一定的思想性与艺术性，在相关受众群体中获得认可与好评。","安健 主编"
"314",,"徐文杰，当代创作者，专注于自身擅长领域的内容创作，作品具有一定的思想性与艺术性，在相关受众群体中获得认可与好评。","徐文杰"
"315",,"齐凤军，当代创作者，专注于自身擅长领域的内容创作，作品具有一定的思想性与艺术性，在相关受众群体中获得认可与好评。","齐凤军"
"316",,"田振国，当代创作者，专注于自身擅长领域的内容创作，作品具有一定的思想性与艺术性，在相关受众群体中获得认可与好评。","田振国"
"317",,"孙琼，当代创作者，专注于自身擅长领域的内容创作，作品具有一定的思想性与艺术性，在相关受众群体中获得认可与好评。","孙琼"
"318",,"李宇航，当代创作者，专注于自身擅长领域的内容创作，作品具有一定的思想性与艺术性，在相关受众群体中获得认可与好评。","李宇航"
"319",,"刘更生，当代创作者，专注于自身擅长领域的内容创作，作品具有一定的思想性与艺术性，在相关受众群体中获得认可与好评。","刘更生"
"320",,"马汴梁，当代创作者，专注于自身擅长领域的内容创作，作品具有一定的思想性与艺术性，在相关受众群体中获得认可与好评。","马汴梁"
"321",,"李兴广，当代创作者，专注于自身擅长领域的内容创作，作品具有一定的思想性与艺术性，在相关受众群体中获得认可与好评。","李兴广"
"322",,"王永渝，当代创作者，专注于自身擅长领域的内容创作，作品具有一定的思想性与艺术性，在相关受众群体中获得认可与好评。","王永渝"
"323",,"唐启盛，当代创作者，专注于自身擅长领域的内容创作，作品具有一定的思想性与艺术性，在相关受众群体中获得认可与好评。","唐启盛"
"324",,"徐晓阳，当代创作者，专注于自身擅长领域的内容创作，作品具有一定的思想性与艺术性，在相关受众群体中获得认可与好评。","徐晓阳"
"325",,"西医，当代创作者，专注于自身擅长领域的内容创作，作品具有一定的思想性与艺术性，在相关受众群体中获得认可与好评。","西医"
"326",,"曲黎敏，当代创作者，专注于自身擅长领域的内容创作，作品具有一定的思想性与艺术性，在相关受众群体中获得认可与好评。","曲黎敏"
"327",,"谢文英，当代创作者，专注于自身擅长领域的内容创作，作品具有一定的思想性与艺术性，在相关受众群体中获得认可与好评。","谢文英"
"328",,"凤凰周刊，当代创作者，专注于自身擅长领域的内容创作，作品具有一定的思想性与艺术性，在相关受众群体中获得认可与好评。","凤凰周刊"
"329",,"叶文忠，当代创作者，专注于自身擅长领域的内容创作，作品具有一定的思想性与艺术性，在相关受众群体中获得认可与好评。","叶文忠"
"330",,"万澎波，当代创作者，专注于自身擅长领域的内容创作，作品具有一定的思想性与艺术性，在相关受众群体中获得认可与好评。","万澎波"
"331",,"王萍，当代创作者，专注于自身擅长领域的内容创作，作品具有一定的思想性与艺术性，在相关受众群体中获得认可与好评。","王萍"
"332",,"陈仁寿，当代创作者，专注于自身擅长领域的内容创作，作品具有一定的思想性与艺术性，在相关受众群体中获得认可与好评。","陈仁寿"
"333",,"张惠展，当代创作者，专注于自身擅长领域的内容创作，作品具有一定的思想性与艺术性，在相关受众群体中获得认可与好评。","张惠展"
"334",,"王涛，当代创作者，专注于自身擅长领域的内容创作，作品具有一定的思想性与艺术性，在相关受众群体中获得认可与好评。","王涛"
"335",,"刘国柱，刘姝倩主编，当代创作者，专注于自身擅长领域的内容创作，作品具有一定的思想性与艺术性，在相关受众群体中获得认可与好评。","刘国柱，刘姝倩主编"
"336",,"杨力，当代创作者，专注于自身擅长领域的内容创作，作品具有一定的思想性与艺术性，在相关受众群体中获得认可与好评。","杨力"
"337",,"茅伟安主编，当代创作者，专注于自身擅长领域的内容创作，作品具有一定的思想性与艺术性，在相关受众群体中获得认可与好评。","茅伟安主编"
"338",,"李亚平，当代创作者，专注于自身擅长领域的内容创作，作品具有一定的思想性与艺术性，在相关受众群体中获得认可与好评。","李亚平"
"339",,"李戈，当代创作者，专注于自身擅长领域的内容创作，作品具有一定的思想性与艺术性，在相关受众群体中获得认可与好评。","李戈"
"340",,"刘建伟等编，当代创作者，专注于自身擅长领域的内容创作，作品具有一定的思想性与艺术性，在相关受众群体中获得认可与好评。","刘建伟等编"
"341",,"黄春林，当代创作者，专注于自身擅长领域的内容创作，作品具有一定的思想性与艺术性，在相关受众群体中获得认可与好评。","黄春林"
"342",,"南京市鼓楼医院，当代创作者，专注于自身擅长领域的内容创作，作品具有一定的思想性与艺术性，在相关受众群体中获得认可与好评。","南京市鼓楼医院"
"343",,"陈龙骧，当代创作者，专注于自身擅长领域的内容创作，作品具有一定的思想性与艺术性，在相关受众群体中获得认可与好评。","陈龙骧"
"344",,"熊顿，当代创作者，专注于自身擅长领域的内容创作，作品具有一定的思想性与艺术性，在相关受众群体中获得认可与好评。","熊顿"
"345",,"高冬玲，当代创作者，专注于自身擅长领域的内容创作，作品具有一定的思想性与艺术性，在相关受众群体中获得认可与好评。","高冬玲"
"346",,"李蓉，当代创作者，专注于自身擅长领域的内容创作，作品具有一定的思想性与艺术性，在相关受众群体中获得认可与好评。","李蓉"
"347",,"李小宁，当代创作者，专注于自身擅长领域的内容创作，作品具有一定的思想性与艺术性，在相关受众群体中获得认可与好评。","李小宁"
"348",,"李治中，外国当代作家，擅长特定文学领域创作，代表作在国际文坛具有一定知名度，其创作风格独特，对所在国文学发展有积极贡献。","李治中(菠萝)"
"349",,"[俄罗斯]亚历山大·索尔仁尼琴，中国当代作家，专注于特定题材创作，代表作包括经典作品多部，其作品以独特写作风格为特色，在相关文学领域具有一定影响力，深受目标读者群体喜爱。","[俄罗斯]亚历山大·索尔仁尼琴"
"350",,"汤本求真，当代创作者，专注于自身擅长领域的内容创作，作品具有一定的思想性与艺术性，在相关受众群体中获得认可与好评。","汤本求真"
"351",,"王惟恒，当代创作者，专注于自身擅长领域的内容创作，作品具有一定的思想性与艺术性，在相关受众群体中获得认可与好评。","王惟恒"
"352",,"刘建，当代创作者，专注于自身擅长领域的内容创作，作品具有一定的思想性与艺术性，在相关受众群体中获得认可与好评。","刘建"
"353",,"高亚，杨惠云，李领侠，当代创作者，专注于自身擅长领域的内容创作，作品具有一定的思想性与艺术性，在相关受众群体中获得认可与好评。","高亚，杨惠云，李领侠"
"354",,"张楚，当代创作者，专注于自身擅长领域的内容创作，作品具有一定的思想性与艺术性，在相关受众群体中获得认可与好评。","张楚"
"355",,"杨云梅，当代创作者，专注于自身擅长领域的内容创作，作品具有一定的思想性与艺术性，在相关受众群体中获得认可与好评。","杨云梅"
"356",,"金瑞，当代创作者，专注于自身擅长领域的内容创作，作品具有一定的思想性与艺术性，在相关受众群体中获得认可与好评。","金瑞"
"357",,"王文萍，当代创作者，专注于自身擅长领域的内容创作，作品具有一定的思想性与艺术性，在相关受众群体中获得认可与好评。","王文萍"
"358",,"焦建雄，当代创作者，专注于自身擅长领域的内容创作，作品具有一定的思想性与艺术性，在相关受众群体中获得认可与好评。","焦建雄"
"359",,"林益平，当代创作者，专注于自身擅长领域的内容创作，作品具有一定的思想性与艺术性，在相关受众群体中获得认可与好评。","林益平"
"360",,"Unknown，中国当代作家，专注于特定题材创作，代表作包括经典作品多部，其作品以独特写作风格为特色，在相关文学领域具有一定影响力，深受目标读者群体喜爱。","Unknown"
"361",,"韩希明，当代创作者，专注于自身擅长领域的内容创作，作品具有一定的思想性与艺术性，在相关受众群体中获得认可与好评。","韩希明"
"362",,"杨晓泉等编著，当代创作者，专注于自身擅长领域的内容创作，作品具有一定的思想性与艺术性，在相关受众群体中获得认可与好评。","杨晓泉等编著"
"363",,"林江，当代创作者，专注于自身擅长领域的内容创作，作品具有一定的思想性与艺术性，在相关受众群体中获得认可与好评。","林江"
"364",,"李蔓荻，当代创作者，专注于自身擅长领域的内容创作，作品具有一定的思想性与艺术性，在相关受众群体中获得认可与好评。","李蔓荻"
"365",,"严锴，当代创作者，专注于自身擅长领域的内容创作，作品具有一定的思想性与艺术性，在相关受众群体中获得认可与好评。","严锴"
"366",,"宋濂，当代创作者，专注于自身擅长领域的内容创作，作品具有一定的思想性与艺术性，在相关受众群体中获得认可与好评。","宋濂"
"367",,"海斯，当代创作者，专注于自身擅长领域的内容创作，作品具有一定的思想性与艺术性，在相关受众群体中获得认可与好评。","海斯"
"368",,"谢志强 主编，当代创作者，专注于自身擅长领域的内容创作，作品具有一定的思想性与艺术性，在相关受众群体中获得认可与好评。","谢志强 主编"
"369",,"杨益，当代创作者，专注于自身擅长领域的内容创作，作品具有一定的思想性与艺术性，在相关受众群体中获得认可与好评。","杨益"
"370",,"汪圣铎 著，当代创作者，专注于自身擅长领域的内容创作，作品具有一定的思想性与艺术性，在相关受众群体中获得认可与好评。","汪圣铎 著"
"371",,"赵毅衡、武际良等，当代创作者，专注于自身擅长领域的内容创作，作品具有一定的思想性与艺术性，在相关受众群体中获得认可与好评。","赵毅衡、武际良等"
"372",,"师永刚，当代创作者，专注于自身擅长领域的内容创作，作品具有一定的思想性与艺术性，在相关受众群体中获得认可与好评。","师永刚"
"373",,"王桐龄 著，当代创作者，专注于自身擅长领域的内容创作，作品具有一定的思想性与艺术性，在相关受众群体中获得认可与好评。","王桐龄 著"
"374",,"李剑农，当代创作者，专注于自身擅长领域的内容创作，作品具有一定的思想性与艺术性，在相关受众群体中获得认可与好评。","李剑农"
"375",,"杨少丹 等，当代创作者，专注于自身擅长领域的内容创作，作品具有一定的思想性与艺术性，在相关受众群体中获得认可与好评。","杨少丹 等"
"376",,"蒋廷黻，当代创作者，专注于自身擅长领域的内容创作，作品具有一定的思想性与艺术性，在相关受众群体中获得认可与好评。","蒋廷黻"
"377",,"塞巴斯蒂安·康拉德，当代创作者，专注于自身擅长领域的内容创作，作品具有一定的思想性与艺术性，在相关受众群体中获得认可与好评。","塞巴斯蒂安·康拉德"
"378",,"斯塔夫里阿诺斯，当代创作者，专注于自身擅长领域的内容创作，作品具有一定的思想性与艺术性，在相关受众群体中获得认可与好评。","斯塔夫里阿诺斯"
"379",,"张纯如，当代创作者，专注于自身擅长领域的内容创作，作品具有一定的思想性与艺术性，在相关受众群体中获得认可与好评。","张纯如"
"380",,"易中天，当代创作者，专注于自身擅长领域的内容创作，作品具有一定的思想性与艺术性，在相关受众群体中获得认可与好评。","易中天"
"381",,"王洪光，当代创作者，专注于自身擅长领域的内容创作，作品具有一定的思想性与艺术性，在相关受众群体中获得认可与好评。","王洪光"
"382",,"柄谷行人，当代创作者，专注于自身擅长领域的内容创作，作品具有一定的思想性与艺术性，在相关受众群体中获得认可与好评。","柄谷行人"
"383",,"卡尔，当代创作者，专注于自身擅长领域的内容创作，作品具有一定的思想性与艺术性，在相关受众群体中获得认可与好评。","卡尔"
"384",,"B.K.Kuiper，中国当代作家，专注于特定题材创作，代表作包括经典作品多部，其作品以独特写作风格为特色，在相关文学领域具有一定影响力，深受目标读者群体喜爱。","B.K.Kuiper"
"385",,"陈正宏，当代创作者，专注于自身擅长领域的内容创作，作品具有一定的思想性与艺术性，在相关受众群体中获得认可与好评。","陈正宏"
"386",,"张越，当代创作者，专注于自身擅长领域的内容创作，作品具有一定的思想性与艺术性，在相关受众群体中获得认可与好评。","张越"
"387",,"[汉]高诱注 [清]毕沅 校 徐小蛮标点，中国当代作家，专注于特定题材创作，代表作包括经典作品多部，其作品以独特写作风格为特色，在相关文学领域具有一定影响力，深受目标读者群体喜爱。","[汉]高诱注 [清]毕沅 校 徐小蛮标点"
"388",,"奎文阁，当代创作者，专注于自身擅长领域的内容创作，作品具有一定的思想性与艺术性，在相关受众群体中获得认可与好评。","奎文阁"
"389",,"陈峰韬，当代创作者，专注于自身擅长领域的内容创作，作品具有一定的思想性与艺术性，在相关受众群体中获得认可与好评。","陈峰韬"
"390",,"樊树志，当代创作者，专注于自身擅长领域的内容创作，作品具有一定的思想性与艺术性，在相关受众群体中获得认可与好评。","樊树志"
"391",,"司徒雷登 (Stuart J.L.)，中国当代作家，专注于特定题材创作，代表作包括经典作品多部，其作品以独特写作风格为特色，在相关文学领域具有一定影响力，深受目标读者群体喜爱。","司徒雷登 (Stuart J.L.)"
"392",,"弗雷德·斯皮尔，当代创作者，专注于自身擅长领域的内容创作，作品具有一定的思想性与艺术性，在相关受众群体中获得认可与好评。","弗雷德·斯皮尔"
"393",,"王新龙，当代创作者，专注于自身擅长领域的内容创作，作品具有一定的思想性与艺术性，在相关受众群体中获得认可与好评。","王新龙"
"394",,"梦溪石，当代创作者，专注于自身擅长领域的内容创作，作品具有一定的思想性与艺术性，在相关受众群体中获得认可与好评。","梦溪石"
"395",,"阿越，当代创作者，专注于自身擅长领域的内容创作，作品具有一定的思想性与艺术性，在相关受众群体中获得认可与好评。","阿越"
"396",,"陈杰，当代创作者，专注于自身擅长领域的内容创作，作品具有一定的思想性与艺术性，在相关受众群体中获得认可与好评。","陈杰"
"397",,"未知，当代创作者，专注于自身擅长领域的内容创作，作品具有一定的思想性与艺术性，在相关受众群体中获得认可与好评。","未知"
"398",,"约翰•赫斯特，当代创作者，专注于自身擅长领域的内容创作，作品具有一定的思想性与艺术性，在相关受众群体中获得认可与好评。","约翰•赫斯特"
"399",,"张正明，当代创作者，专注于自身擅长领域的内容创作，作品具有一定的思想性与艺术性，在相关受众群体中获得认可与好评。","张正明"
"400",,"张传玺 主编，当代创作者，专注于自身擅长领域的内容创作，作品具有一定的思想性与艺术性，在相关受众群体中获得认可与好评。","张传玺 主编"
"401",,"虞云国，当代创作者，专注于自身擅长领域的内容创作，作品具有一定的思想性与艺术性，在相关受众群体中获得认可与好评。","虞云国"
"402",,"徐良，当代创作者，专注于自身擅长领域的内容创作，作品具有一定的思想性与艺术性，在相关受众群体中获得认可与好评。","徐良"
"403",,"(法)布封(Buffon,G.L.L.)著，中国当代作家，专注于特定题材创作，代表作包括经典作品多部，其作品以独特写作风格为特色，在相关文学领域具有一定影响力，深受目标读者群体喜爱。","(法)布封(Buffon,G.L.L.)著"
"404",,"张广智，当代创作者，专注于自身擅长领域的内容创作，作品具有一定的思想性与艺术性，在相关受众群体中获得认可与好评。","张广智"
"405",,"安东尼·M.阿里奥托，中国当代作家，专注于特定题材创作，代表作包括经典作品多部，其作品以独特写作风格为特色，在相关文学领域具有一定影响力，深受目标读者群体喜爱。","安东尼·M.阿里奥托"
"406",,"杨照, ePUBw.COM，中国当代作家，专注于特定题材创作，代表作包括经典作品多部，其作品以独特写作风格为特色，在相关文学领域具有一定影响力，深受目标读者群体喜爱。","杨照, ePUBw.COM"
"407",,"司马光，当代创作者，专注于自身擅长领域的内容创作，作品具有一定的思想性与艺术性，在相关受众群体中获得认可与好评。","司马光"
"408",,"朱晓喆，当代创作者，专注于自身擅长领域的内容创作，作品具有一定的思想性与艺术性，在相关受众群体中获得认可与好评。","朱晓喆"
"409",,"张鸣，当代创作者，专注于自身擅长领域的内容创作，作品具有一定的思想性与艺术性，在相关受众群体中获得认可与好评。","张鸣"
"410",,"杨早，当代创作者，专注于自身擅长领域的内容创作，作品具有一定的思想性与艺术性，在相关受众群体中获得认可与好评。","杨早"
"411",,"徐帆，当代创作者，专注于自身擅长领域的内容创作，作品具有一定的思想性与艺术性，在相关受众群体中获得认可与好评。","徐帆"
"412",,"劳榦，当代创作者，专注于自身擅长领域的内容创作，作品具有一定的思想性与艺术性，在相关受众群体中获得认可与好评。","劳榦"
"413",,"Kindle吧-唯爱小牛，中国当代作家，专注于特定题材创作，代表作包括经典作品多部，其作品以独特写作风格为特色，在相关文学领域具有一定影响力，深受目标读者群体喜爱。","Kindle吧-唯爱小牛"
"414",,"長月達平，当代创作者，专注于自身擅长领域的内容创作，作品具有一定的思想性与艺术性，在相关受众群体中获得认可与好评。","長月達平"
"415",,"Liu, Cixin，中国当代作家，专注于特定题材创作，代表作包括经典作品多部，其作品以独特写作风格为特色，在相关文学领域具有一定影响力，深受目标读者群体喜爱。","Liu, Cixin"
"416",,"zxinzxinzxin@163.com，中国当代作家，专注于特定题材创作，代表作包括经典作品多部，其作品以独特写作风格为特色，在相关文学领域具有一定影响力，深受目标读者群体喜爱。","zxinzxinzxin@163.com"
"417",,"肉包不吃肉，当代创作者，专注于自身擅长领域的内容创作，作品具有一定的思想性与艺术性，在相关受众群体中获得认可与好评。","肉包不吃肉"
"418",,"动漫堂，当代创作者，专注于自身擅长领域的内容创作，作品具有一定的思想性与艺术性，在相关受众群体中获得认可与好评。","动漫堂"
"419",,"村田雄介,ONE，中国当代作家，专注于特定题材创作，代表作包括经典作品多部，其作品以独特写作风格为特色，在相关文学领域具有一定影响力，深受目标读者群体喜爱。","村田雄介,ONE"
"420",,"calibre，中国当代作家，专注于特定题材创作，代表作包括经典作品多部，其作品以独特写作风格为特色，在相关文学领域具有一定影响力，深受目标读者群体喜爱。","calibre"
"421",,"Priest，中国当代作家，专注于特定题材创作，代表作包括经典作品多部，其作品以独特写作风格为特色，在相关文学领域具有一定影响力，深受目标读者群体喜爱。","Priest"
"422",,"忘语，当代创作者，专注于自身擅长领域的内容创作，作品具有一定的思想性与艺术性，在相关受众群体中获得认可与好评。","忘语"
"423",,"马修•柯比，外国当代作家，擅长特定文学领域创作，代表作在国际文坛具有一定知名度，其创作风格独特，对所在国文学发展有积极贡献。","（美）马修•柯比"
"424",,"忆流年，当代创作者，专注于自身擅长领域的内容创作，作品具有一定的思想性与艺术性，在相关受众群体中获得认可与好评。","忆流年"
"425",,"J.K.罗琳，中国当代作家，专注于特定题材创作，代表作包括经典作品多部，其作品以独特写作风格为特色，在相关文学领域具有一定影响力，深受目标读者群体喜爱。","J.K.罗琳"
"426",,"J. K. 羅琳，中国当代作家，专注于特定题材创作，代表作包括经典作品多部，其作品以独特写作风格为特色，在相关文学领域具有一定影响力，深受目标读者群体喜爱。","J. K. 羅琳"
"427",,"玄色，当代创作者，专注于自身擅长领域的内容创作，作品具有一定的思想性与艺术性，在相关受众群体中获得认可与好评。","玄色"
"428",,"长洱，当代创作者，专注于自身擅长领域的内容创作，作品具有一定的思想性与艺术性，在相关受众群体中获得认可与好评。","长洱"
"429",,"奥尔加·托卡尔丘克，当代创作者，专注于自身擅长领域的内容创作，作品具有一定的思想性与艺术性，在相关受众群体中获得认可与好评。","奥尔加·托卡尔丘克"
"430",,"辰东，当代创作者，专注于自身擅长领域的内容创作，作品具有一定的思想性与艺术性，在相关受众群体中获得认可与好评。","辰东"
"431",,"山川贤一，当代创作者，专注于自身擅长领域的内容创作，作品具有一定的思想性与艺术性，在相关受众群体中获得认可与好评。","山川贤一"
"432",,"金庸，当代创作者，专注于自身擅长领域的内容创作，作品具有一定的思想性与艺术性，在相关受众群体中获得认可与好评。","金庸"
"433",,"郭敬明，当代创作者，专注于自身擅长领域的内容创作，作品具有一定的思想性与艺术性，在相关受众群体中获得认可与好评。","郭敬明"
"434",,"二白，当代创作者，专注于自身擅长领域的内容创作，作品具有一定的思想性与艺术性，在相关受众群体中获得认可与好评。","二白"
"435",,"渡航，当代创作者，专注于自身擅长领域的内容创作，作品具有一定的思想性与艺术性，在相关受众群体中获得认可与好评。","渡航"
"436",,"林奕含，当代创作者，专注于自身擅长领域的内容创作，作品具有一定的思想性与艺术性，在相关受众群体中获得认可与好评。","林奕含"
"437",,"唐家三少，当代创作者，专注于自身擅长领域的内容创作，作品具有一定的思想性与艺术性，在相关受众群体中获得认可与好评。","唐家三少"
"438",,"priest，中国当代作家，专注于特定题材创作，代表作包括经典作品多部，其作品以独特写作风格为特色，在相关文学领域具有一定影响力，深受目标读者群体喜爱。","priest"
"439",,"<英>刘易斯•卡罗尔，中国当代作家，专注于特定题材创作，代表作包括经典作品多部，其作品以独特写作风格为特色，在相关文学领域具有一定影响力，深受目标读者群体喜爱。","<英>刘易斯•卡罗尔"
"440",,"任翔，当代创作者，专注于自身擅长领域的内容创作，作品具有一定的思想性与艺术性，在相关受众群体中获得认可与好评。","任翔"
"441",,"京极夏彦，外国当代作家，擅长特定文学领域创作，代表作在国际文坛具有一定知名度，其创作风格独特，对所在国文学发展有积极贡献。","(日)京极夏彦"
"442",,"南派三叔，当代创作者，专注于自身擅长领域的内容创作，作品具有一定的思想性与艺术性，在相关受众群体中获得认可与好评。","南派三叔"
"443",,"电子书免费赠送:行行微信491256034，中国当代作家，专注于特定题材创作，代表作包括经典作品多部，其作品以独特写作风格为特色，在相关文学领域具有一定影响力，深受目标读者群体喜爱。","电子书免费赠送:行行微信491256034"
"444",,"阿瑟•柯南•道尔 (Arthur Conan Doyle)，中国当代作家，专注于特定题材创作，代表作包括经典作品多部，其作品以独特写作风格为特色，在相关文学领域具有一定影响力，深受目标读者群体喜爱。","阿瑟•柯南•道尔 (Arthur Conan Doyle)"
"445",,"高尔基，当代创作者，专注于自身擅长领域的内容创作，作品具有一定的思想性与艺术性，在相关受众群体中获得认可与好评。","高尔基"
"446",,"海明威 (Ernest Hemingway)，中国当代作家，专注于特定题材创作，代表作包括经典作品多部，其作品以独特写作风格为特色，在相关文学领域具有一定影响力，深受目标读者群体喜爱。","海明威 (Ernest Hemingway)"
"447",,"赵乾乾，当代创作者，专注于自身擅长领域的内容创作，作品具有一定的思想性与艺术性，在相关受众群体中获得认可与好评。","赵乾乾"
"448",,"劳拉·英格尔斯·怀德，当代创作者，专注于自身擅长领域的内容创作，作品具有一定的思想性与艺术性，在相关受众群体中获得认可与好评。","劳拉·英格尔斯·怀德"
"449",,"臼井仪人，当代创作者，专注于自身擅长领域的内容创作，作品具有一定的思想性与艺术性，在相关受众群体中获得认可与好评。","臼井仪人"
"450",,"吴承恩，当代创作者，专注于自身擅长领域的内容创作，作品具有一定的思想性与艺术性，在相关受众群体中获得认可与好评。","吴承恩"
"451",,"爱潜水的乌贼，当代创作者，专注于自身擅长领域的内容创作，作品具有一定的思想性与艺术性，在相关受众群体中获得认可与好评。","爱潜水的乌贼"
"452",,"芥川龙之介，当代创作者，专注于自身擅长领域的内容创作，作品具有一定的思想性与艺术性，在相关受众群体中获得认可与好评。","芥川龙之介"
"453",,"丸户史明，当代创作者，专注于自身擅长领域的内容创作，作品具有一定的思想性与艺术性，在相关受众群体中获得认可与好评。","丸户史明"
"454",,"美国迪士尼公司，当代创作者，专注于自身擅长领域的内容创作，作品具有一定的思想性与艺术性，在相关受众群体中获得认可与好评。","美国迪士尼公司"
"455",,"hnh1107@163.com，中国当代作家，专注于特定题材创作，代表作包括经典作品多部，其作品以独特写作风格为特色，在相关文学领域具有一定影响力，深受目标读者群体喜爱。","hnh1107@163.com"
"456",,"梦枕貘，当代创作者，专注于自身擅长领域的内容创作，作品具有一定的思想性与艺术性，在相关受众群体中获得认可与好评。","梦枕貘"
"457",,"莫泊桑，外国当代作家，擅长特定文学领域创作，代表作在国际文坛具有一定知名度，其创作风格独特，对所在国文学发展有积极贡献。","莫泊桑(法)"
"458",,"自由鸟，当代创作者，专注于自身擅长领域的内容创作，作品具有一定的思想性与艺术性，在相关受众群体中获得认可与好评。","自由鸟"
"459",,"王小立，当代创作者，专注于自身擅长领域的内容创作，作品具有一定的思想性与艺术性，在相关受众群体中获得认可与好评。","王小立"
"460",,"天下霸唱，当代创作者，专注于自身擅长领域的内容创作，作品具有一定的思想性与艺术性，在相关受众群体中获得认可与好评。","天下霸唱"
"461",,"西尾维新，当代创作者，专注于自身擅长领域的内容创作，作品具有一定的思想性与艺术性，在相关受众群体中获得认可与好评。","西尾维新"
"462",,"笛福，当代创作者，专注于自身擅长领域的内容创作，作品具有一定的思想性与艺术性，在相关受众群体中获得认可与好评。","笛福"
"463",,"桔子树，当代创作者，专注于自身擅长领域的内容创作，作品具有一定的思想性与艺术性，在相关受众群体中获得认可与好评。","桔子树"
"464",,"斯蒂格·拉森，当代创作者，专注于自身擅长领域的内容创作，作品具有一定的思想性与艺术性，在相关受众群体中获得认可与好评。","斯蒂格·拉森"
"465",,"[瑞士]雅各布·布克哈特，中国当代作家，专注于特定题材创作，代表作包括经典作品多部，其作品以独特写作风格为特色，在相关文学领域具有一定影响力，深受目标读者群体喜爱。","[瑞士]雅各布·布克哈特"
"466",,"Bill Burnett，中国当代作家，专注于特定题材创作，代表作包括经典作品多部，其作品以独特写作风格为特色，在相关文学领域具有一定影响力，深受目标读者群体喜爱。","Bill Burnett"
"467",,"黄大慧，当代创作者，专注于自身擅长领域的内容创作，作品具有一定的思想性与艺术性，在相关受众群体中获得认可与好评。","黄大慧"
"468",,"林之满，当代创作者，专注于自身擅长领域的内容创作，作品具有一定的思想性与艺术性，在相关受众群体中获得认可与好评。","林之满"
"469",,"游修龄，当代创作者，专注于自身擅长领域的内容创作，作品具有一定的思想性与艺术性，在相关受众群体中获得认可与好评。","游修龄"
"470",,"姜义华，当代创作者，专注于自身擅长领域的内容创作，作品具有一定的思想性与艺术性，在相关受众群体中获得认可与好评。","姜义华"
"471",,"陈志椿，当代创作者，专注于自身擅长领域的内容创作，作品具有一定的思想性与艺术性，在相关受众群体中获得认可与好评。","陈志椿"
"472",,"胡适 著，当代创作者，专注于自身擅长领域的内容创作，作品具有一定的思想性与艺术性，在相关受众群体中获得认可与好评。","胡适 著"
"473",,"曹胜高，当代创作者，专注于自身擅长领域的内容创作，作品具有一定的思想性与艺术性，在相关受众群体中获得认可与好评。","曹胜高"
"474",,"应星 周飞舟　渠敬东，当代创作者，专注于自身擅长领域的内容创作，作品具有一定的思想性与艺术性，在相关受众群体中获得认可与好评。","应星 周飞舟　渠敬东"
"475",,"刘雪枫，当代创作者，专注于自身擅长领域的内容创作，作品具有一定的思想性与艺术性，在相关受众群体中获得认可与好评。","刘雪枫"
"476",,"【美】G.R.F. 费拉里, 刘玮, ePUBw.COM，中国当代作家，专注于特定题材创作，代表作包括经典作品多部，其作品以独特写作风格为特色，在相关文学领域具有一定影响力，深受目标读者群体喜爱。","【美】G.R.F. 费拉里, 刘玮, ePUBw.COM"
"477",,"【美】刘墉，当代创作者，专注于自身擅长领域的内容创作，作品具有一定的思想性与艺术性，在相关受众群体中获得认可与好评。","【美】刘墉"
"478",,"房龙，当代创作者，专注于自身擅长领域的内容创作，作品具有一定的思想性与艺术性，在相关受众群体中获得认可与好评。","房龙"
"479",,"吉姆·兰德尔(Jim Randel) 、 舒建广，中国当代作家，专注于特定题材创作，代表作包括经典作品多部，其作品以独特写作风格为特色，在相关文学领域具有一定影响力，深受目标读者群体喜爱。","吉姆·兰德尔(Jim Randel) 、 舒建广"
"480",,"马可·波罗，当代创作者，专注于自身擅长领域的内容创作，作品具有一定的思想性与艺术性，在相关受众群体中获得认可与好评。","马可·波罗"
"481",,"[杨宏峰]，中国当代作家，专注于特定题材创作，代表作包括经典作品多部，其作品以独特写作风格为特色，在相关文学领域具有一定影响力，深受目标读者群体喜爱。","[杨宏峰]"
"482",,"全永丽，当代创作者，专注于自身擅长领域的内容创作，作品具有一定的思想性与艺术性，在相关受众群体中获得认可与好评。","全永丽"
"483",,"[南非]伊恩·戈尔丁，中国当代作家，专注于特定题材创作，代表作包括经典作品多部，其作品以独特写作风格为特色，在相关文学领域具有一定影响力，深受目标读者群体喜爱。","[南非]伊恩·戈尔丁"
"484",,"姜建强，当代创作者，专注于自身擅长领域的内容创作，作品具有一定的思想性与艺术性，在相关受众群体中获得认可与好评。","姜建强"
"485",,"黎戈，当代创作者，专注于自身擅长领域的内容创作，作品具有一定的思想性与艺术性，在相关受众群体中获得认可与好评。","黎戈"
"486",,"王东杰，当代创作者，专注于自身擅长领域的内容创作，作品具有一定的思想性与艺术性，在相关受众群体中获得认可与好评。","王东杰"
"487",,"高奇琦，当代创作者，专注于自身擅长领域的内容创作，作品具有一定的思想性与艺术性，在相关受众群体中获得认可与好评。","高奇琦"
"488",,"高勇，当代创作者，专注于自身擅长领域的内容创作，作品具有一定的思想性与艺术性，在相关受众群体中获得认可与好评。","高勇"
"489",,,
"490",,"杜成宪，当代创作者，专注于自身擅长领域的内容创作，作品具有一定的思想性与艺术性，在相关受众群体中获得认可与好评。","杜成宪"
"491",,"吴莹 著，当代创作者，专注于自身擅长领域的内容创作，作品具有一定的思想性与艺术性，在相关受众群体中获得认可与好评。","吴莹 著"
"492",,"[美国]戴安娜•克兰，中国当代作家，专注于特定题材创作，代表作包括经典作品多部，其作品以独特写作风格为特色，在相关文学领域具有一定影响力，深受目标读者群体喜爱。","[美国]戴安娜•克兰"
"493",,"陆扬，当代创作者，专注于自身擅长领域的内容创作，作品具有一定的思想性与艺术性，在相关受众群体中获得认可与好评。","陆扬"
"494",,"安东尼·帕戈登，当代创作者，专注于自身擅长领域的内容创作，作品具有一定的思想性与艺术性，在相关受众群体中获得认可与好评。","安东尼·帕戈登"
"495",,"[美]汤姆·斯丹迪奇，中国当代作家，专注于特定题材创作，代表作包括经典作品多部，其作品以独特写作风格为特色，在相关文学领域具有一定影响力，深受目标读者群体喜爱。","[美]汤姆·斯丹迪奇"
"496",,"【美】兰斯·班尼特 著，当代创作者，专注于自身擅长领域的内容创作，作品具有一定的思想性与艺术性，在相关受众群体中获得认可与好评。","【美】兰斯·班尼特 著"
"497",,"卡尔·雅斯贝斯(Karl Jaspers)，中国当代作家，专注于特定题材创作，代表作包括经典作品多部，其作品以独特写作风格为特色，在相关文学领域具有一定影响力，深受目标读者群体喜爱。","卡尔·雅斯贝斯(Karl Jaspers)"
"498",,"[英]艾瑞克•霍布斯鲍姆，中国当代作家，专注于特定题材创作，代表作包括经典作品多部，其作品以独特写作风格为特色，在相关文学领域具有一定影响力，深受目标读者群体喜爱。","[英]艾瑞克•霍布斯鲍姆"
"499",,"威尔·杜兰特，阿里尔·杜兰特，外国当代作家，擅长特定文学领域创作，代表作在国际文坛具有一定知名度，其创作风格独特，对所在国文学发展有积极贡献。","（美）威尔·杜兰特，（美）阿里尔·杜兰特"
"500",,"王伟，当代创作者，专注于自身擅长领域的内容创作，作品具有一定的思想性与艺术性，在相关受众群体中获得认可与好评。","王伟"
"501",,"夏志强，当代创作者，专注于自身擅长领域的内容创作，作品具有一定的思想性与艺术性，在相关受众群体中获得认可与好评。","夏志强"
"502",,"[美]阎云翔，中国当代作家，专注于特定题材创作，代表作包括经典作品多部，其作品以独特写作风格为特色，在相关文学领域具有一定影响力，深受目标读者群体喜爱。","[美]阎云翔"
"503",,"翟学伟 薛天山，当代创作者，专注于自身擅长领域的内容创作，作品具有一定的思想性与艺术性，在相关受众群体中获得认可与好评。","翟学伟 薛天山"
"504",,"让·雅克·卢梭，当代创作者，专注于自身擅长领域的内容创作，作品具有一定的思想性与艺术性，在相关受众群体中获得认可与好评。","让·雅克·卢梭"
"505",,"成振珂，当代创作者，专注于自身擅长领域的内容创作，作品具有一定的思想性与艺术性，在相关受众群体中获得认可与好评。","成振珂"
"506",,"埃米尔·迪尔凯姆，外国当代作家，擅长特定文学领域创作，代表作在国际文坛具有一定知名度，其创作风格独特，对所在国文学发展有积极贡献。","埃米尔·迪尔凯姆（涂尔干）"
"507",,"邹韬奋，当代创作者，专注于自身擅长领域的内容创作，作品具有一定的思想性与艺术性，在相关受众群体中获得认可与好评。","邹韬奋"
"508",,"克里斯蒂安•迈耶，当代创作者，专注于自身擅长领域的内容创作，作品具有一定的思想性与艺术性，在相关受众群体中获得认可与好评。","克里斯蒂安•迈耶"
"509",,"陈光连，当代创作者，专注于自身擅长领域的内容创作，作品具有一定的思想性与艺术性，在相关受众群体中获得认可与好评。","陈光连"
"510",,"美 鲁斯·本尼迪克特，当代创作者，专注于自身擅长领域的内容创作，作品具有一定的思想性与艺术性，在相关受众群体中获得认可与好评。","美 鲁斯·本尼迪克特"
"511",,"[加] 宋怡明，中国当代作家，专注于特定题材创作，代表作包括经典作品多部，其作品以独特写作风格为特色，在相关文学领域具有一定影响力，深受目标读者群体喜爱。","[加] 宋怡明"
"512",,"费正清，当代创作者，专注于自身擅长领域的内容创作，作品具有一定的思想性与艺术性，在相关受众群体中获得认可与好评。","费正清"
"513",,"哈佛商业评论，当代创作者，专注于自身擅长领域的内容创作，作品具有一定的思想性与艺术性，在相关受众群体中获得认可与好评。","哈佛商业评论"
"514",,"陈晓萍，当代创作者，专注于自身擅长领域的内容创作，作品具有一定的思想性与艺术性，在相关受众群体中获得认可与好评。","陈晓萍"
"515",,"熊景维，当代创作者，专注于自身擅长领域的内容创作，作品具有一定的思想性与艺术性，在相关受众群体中获得认可与好评。","熊景维"
"516",,"曹金洪，当代创作者，专注于自身擅长领域的内容创作，作品具有一定的思想性与艺术性，在相关受众群体中获得认可与好评。","曹金洪"
"517",,"姜锡一，当代创作者，专注于自身擅长领域的内容创作，作品具有一定的思想性与艺术性，在相关受众群体中获得认可与好评。","姜锡一"
"518",,"周广宇，当代创作者，专注于自身擅长领域的内容创作，作品具有一定的思想性与艺术性，在相关受众群体中获得认可与好评。","周广宇"
"519",,"王福重，当代创作者，专注于自身擅长领域的内容创作，作品具有一定的思想性与艺术性，在相关受众群体中获得认可与好评。","王福重"
"520",,"周洁如，当代创作者，专注于自身擅长领域的内容创作，作品具有一定的思想性与艺术性，在相关受众群体中获得认可与好评。","周洁如"
"521",,"Shmueli, Galit，中国当代作家，专注于特定题材创作，代表作包括经典作品多部，其作品以独特写作风格为特色，在相关文学领域具有一定影响力，深受目标读者群体喜爱。","Shmueli, Galit"
"522",,"李玉良，当代创作者，专注于自身擅长领域的内容创作，作品具有一定的思想性与艺术性，在相关受众群体中获得认可与好评。","李玉良"
"523",,"Karen Berman，中国当代作家，专注于特定题材创作，代表作包括经典作品多部，其作品以独特写作风格为特色，在相关文学领域具有一定影响力，深受目标读者群体喜爱。","Karen Berman"
"524",,"斯金纳，外国当代作家，擅长特定文学领域创作，代表作在国际文坛具有一定知名度，其创作风格独特，对所在国文学发展有积极贡献。","（英）斯金纳"
"525",,"丹尼尔•斯特拉，当代创作者，专注于自身擅长领域的内容创作，作品具有一定的思想性与艺术性，在相关受众群体中获得认可与好评。","丹尼尔•斯特拉"
"526",,"Kotler, Philip，中国当代作家，专注于特定题材创作，代表作包括经典作品多部，其作品以独特写作风格为特色，在相关文学领域具有一定影响力，深受目标读者群体喜爱。","Kotler, Philip"
"527",,"顾彼思商学院，当代创作者，专注于自身擅长领域的内容创作，作品具有一定的思想性与艺术性，在相关受众群体中获得认可与好评。","顾彼思商学院"
"528",,"袁伟，当代创作者，专注于自身擅长领域的内容创作，作品具有一定的思想性与艺术性，在相关受众群体中获得认可与好评。","袁伟"
"529",,"余治国，当代创作者，专注于自身擅长领域的内容创作，作品具有一定的思想性与艺术性，在相关受众群体中获得认可与好评。","余治国"
"530",,"高连奎，当代创作者，专注于自身擅长领域的内容创作，作品具有一定的思想性与艺术性，在相关受众群体中获得认可与好评。","高连奎"
"531",,"林毅夫，当代创作者，专注于自身擅长领域的内容创作，作品具有一定的思想性与艺术性，在相关受众群体中获得认可与好评。","林毅夫"
"532",,"华说，当代创作者，专注于自身擅长领域的内容创作，作品具有一定的思想性与艺术性，在相关受众群体中获得认可与好评。","华说"
"533",,"卫龙宝，当代创作者，专注于自身擅长领域的内容创作，作品具有一定的思想性与艺术性，在相关受众群体中获得认可与好评。","卫龙宝"
"534",,"Kevin（张晋壹），中国当代作家，专注于特定题材创作，代表作包括经典作品多部，其作品以独特写作风格为特色，在相关文学领域具有一定影响力，深受目标读者群体喜爱。","Kevin（张晋壹）"
"535",,"李善友，当代创作者，专注于自身擅长领域的内容创作，作品具有一定的思想性与艺术性，在相关受众群体中获得认可与好评。","李善友"
"536",,"永良，当代创作者，专注于自身擅长领域的内容创作，作品具有一定的思想性与艺术性，在相关受众群体中获得认可与好评。","永良"
"537",,"陈端计，当代创作者，专注于自身擅长领域的内容创作，作品具有一定的思想性与艺术性，在相关受众群体中获得认可与好评。","陈端计"
"538",,"乔尔·格林布拉特（Joel Greenblatt），中国当代作家，专注于特定题材创作，代表作包括经典作品多部，其作品以独特写作风格为特色，在相关文学领域具有一定影响力，深受目标读者群体喜爱。","乔尔·格林布拉特（Joel Greenblatt）"
"539",,"刘美玉，当代创作者，专注于自身擅长领域的内容创作，作品具有一定的思想性与艺术性，在相关受众群体中获得认可与好评。","刘美玉"
"540",,"王祥伍,谭俊峰,宋杼宸,安琪,朱仁健，当代创作者，专注于自身擅长领域的内容创作，作品具有一定的思想性与艺术性，在相关受众群体中获得认可与好评。","王祥伍,谭俊峰,宋杼宸,安琪,朱仁健"
"541",,"约翰·S·戈登，中国当代作家，专注于特定题材创作，代表作包括经典作品多部，其作品以独特写作风格为特色，在相关文学领域具有一定影响力，深受目标读者群体喜爱。","约翰·S·戈登"
"542",,"谢利明，当代创作者，专注于自身擅长领域的内容创作，作品具有一定的思想性与艺术性，在相关受众群体中获得认可与好评。","谢利明"
"543",,"静涛／黑岛，当代创作者，专注于自身擅长领域的内容创作，作品具有一定的思想性与艺术性，在相关受众群体中获得认可与好评。","静涛／黑岛"
"544",,"徐现祥 编著 孙洛平 校，当代创作者，专注于自身擅长领域的内容创作，作品具有一定的思想性与艺术性，在相关受众群体中获得认可与好评。","徐现祥 编著 孙洛平 校"
"545",,"大前研一 著，当代创作者，专注于自身擅长领域的内容创作，作品具有一定的思想性与艺术性，在相关受众群体中获得认可与好评。","大前研一 著"
"546",,"张维迎，当代创作者，专注于自身擅长领域的内容创作，作品具有一定的思想性与艺术性，在相关受众群体中获得认可与好评。","张维迎"
"547",,"洪榕，当代创作者，专注于自身擅长领域的内容创作，作品具有一定的思想性与艺术性，在相关受众群体中获得认可与好评。","洪榕"
"548",,"陈元 & 钱颖一 & 等，当代创作者，专注于自身擅长领域的内容创作，作品具有一定的思想性与艺术性，在相关受众群体中获得认可与好评。","陈元 & 钱颖一 & 等"
"549",,"张荣亮，当代创作者，专注于自身擅长领域的内容创作，作品具有一定的思想性与艺术性，在相关受众群体中获得认可与好评。","张荣亮"
"550",,"顾建党，当代创作者，专注于自身擅长领域的内容创作，作品具有一定的思想性与艺术性，在相关受众群体中获得认可与好评。","顾建党"
"551",,"[英] 戴维·博伊尔，中国当代作家，专注于特定题材创作，代表作包括经典作品多部，其作品以独特写作风格为特色，在相关文学领域具有一定影响力，深受目标读者群体喜爱。","[英] 戴维·博伊尔"
"552",,"李笑来，当代创作者，专注于自身擅长领域的内容创作，作品具有一定的思想性与艺术性，在相关受众群体中获得认可与好评。","李笑来"
"553",,"黄锫，当代创作者，专注于自身擅长领域的内容创作，作品具有一定的思想性与艺术性，在相关受众群体中获得认可与好评。","黄锫"
"554",,"彼得·里森，当代创作者，专注于自身擅长领域的内容创作，作品具有一定的思想性与艺术性，在相关受众群体中获得认可与好评。","彼得·里森"
"555",,"赵涛，当代创作者，专注于自身擅长领域的内容创作，作品具有一定的思想性与艺术性，在相关受众群体中获得认可与好评。","赵涛"
"556",,"[英]布莱恩·斯诺登，霍华德·R·著，中国当代作家，专注于特定题材创作，代表作包括经典作品多部，其作品以独特写作风格为特色，在相关文学领域具有一定影响力，深受目标读者群体喜爱。","[英]布莱恩·斯诺登，霍华德·R·著"
"557",,"厉以宁，当代创作者，专注于自身擅长领域的内容创作，作品具有一定的思想性与艺术性，在相关受众群体中获得认可与好评。","厉以宁"
"558",,"圣叹金，当代创作者，专注于自身擅长领域的内容创作，作品具有一定的思想性与艺术性，在相关受众群体中获得认可与好评。","圣叹金"
"559",,"何正斌，当代创作者，专注于自身擅长领域的内容创作，作品具有一定的思想性与艺术性，在相关受众群体中获得认可与好评。","何正斌"
"560",,"曼昆 (n.gregory Mankiw)，中国当代作家，专注于特定题材创作，代表作包括经典作品多部，其作品以独特写作风格为特色，在相关文学领域具有一定影响力，深受目标读者群体喜爱。","曼昆 (n.gregory Mankiw)"
"561",,"丹尼·罗德里克，当代创作者，专注于自身擅长领域的内容创作，作品具有一定的思想性与艺术性，在相关受众群体中获得认可与好评。","丹尼·罗德里克"
"562",,"翔高教育经济学教学研究中心，当代创作者，专注于自身擅长领域的内容创作，作品具有一定的思想性与艺术性，在相关受众群体中获得认可与好评。","翔高教育经济学教学研究中心"
"563",,"威廉·尼克尔斯(William Nickels)，中国当代作家，专注于特定题材创作，代表作包括经典作品多部，其作品以独特写作风格为特色，在相关文学领域具有一定影响力，深受目标读者群体喜爱。","威廉·尼克尔斯(William Nickels)"
"564",,"期刊推送 kindle，中国当代作家，专注于特定题材创作，代表作包括经典作品多部，其作品以独特写作风格为特色，在相关文学领域具有一定影响力，深受目标读者群体喜爱。","期刊推送 kindle"
"565",,"那一水的鱼，当代创作者，专注于自身擅长领域的内容创作，作品具有一定的思想性与艺术性，在相关受众群体中获得认可与好评。","那一水的鱼"
"566",,"戴德明，当代创作者，专注于自身擅长领域的内容创作，作品具有一定的思想性与艺术性，在相关受众群体中获得认可与好评。","戴德明"
"567",,"宋凤轩，当代创作者，专注于自身擅长领域的内容创作，作品具有一定的思想性与艺术性，在相关受众群体中获得认可与好评。","宋凤轩"
"568",,"本杰明·科恩，当代创作者，专注于自身擅长领域的内容创作，作品具有一定的思想性与艺术性，在相关受众群体中获得认可与好评。","本杰明·科恩"
"569",,"徐贺 编著，当代创作者，专注于自身擅长领域的内容创作，作品具有一定的思想性与艺术性，在相关受众群体中获得认可与好评。","徐贺 编著"
"570",,"卡尔·马克思，当代创作者，专注于自身擅长领域的内容创作，作品具有一定的思想性与艺术性，在相关受众群体中获得认可与好评。","卡尔·马克思"
"571",,"茜拉·科尔哈特卡（Sheelah Kolhatkar），中国当代作家，专注于特定题材创作，代表作包括经典作品多部，其作品以独特写作风格为特色，在相关文学领域具有一定影响力，深受目标读者群体喜爱。","茜拉·科尔哈特卡（Sheelah Kolhatkar）"
"572",,"香帅无花，当代创作者，专注于自身擅长领域的内容创作，作品具有一定的思想性与艺术性，在相关受众群体中获得认可与好评。","香帅无花"
"573",,"弗朗西斯科·加西亚·帕拉梅斯，当代创作者，专注于自身擅长领域的内容创作，作品具有一定的思想性与艺术性，在相关受众群体中获得认可与好评。","弗朗西斯科·加西亚·帕拉梅斯"
"574",,"吕澎，当代创作者，专注于自身擅长领域的内容创作，作品具有一定的思想性与艺术性，在相关受众群体中获得认可与好评。","吕澎"
"575",,"雅罗斯拉夫•赛弗尔特，当代创作者，专注于自身擅长领域的内容创作，作品具有一定的思想性与艺术性，在相关受众群体中获得认可与好评。","雅罗斯拉夫•赛弗尔特"
"576",,"查尔斯·威廉·欧曼，当代创作者，专注于自身擅长领域的内容创作，作品具有一定的思想性与艺术性，在相关受众群体中获得认可与好评。","查尔斯·威廉·欧曼"
"577",,"汤显祖，当代创作者，专注于自身擅长领域的内容创作，作品具有一定的思想性与艺术性，在相关受众群体中获得认可与好评。","汤显祖"
"578",,"灌木文化，当代创作者，专注于自身擅长领域的内容创作，作品具有一定的思想性与艺术性，在相关受众群体中获得认可与好评。","灌木文化"
"579",,"乔治·罗林森，外国当代作家，擅长特定文学领域创作，代表作在国际文坛具有一定知名度，其创作风格独特，对所在国文学发展有积极贡献。","（英）乔治·罗林森"
"580",,"唐纳德·雷诺兹 (Reynolds.D.)，中国当代作家，专注于特定题材创作，代表作包括经典作品多部，其作品以独特写作风格为特色，在相关文学领域具有一定影响力，深受目标读者群体喜爱。","唐纳德·雷诺兹 (Reynolds.D.)"
"581",,"[英]简·爱伦·哈里森，中国当代作家，专注于特定题材创作，代表作包括经典作品多部，其作品以独特写作风格为特色，在相关文学领域具有一定影响力，深受目标读者群体喜爱。","[英]简·爱伦·哈里森"
"582",,"朱根发，当代创作者，专注于自身擅长领域的内容创作，作品具有一定的思想性与艺术性，在相关受众群体中获得认可与好评。","朱根发"
"583",,"张长虹，当代创作者，专注于自身擅长领域的内容创作，作品具有一定的思想性与艺术性，在相关受众群体中获得认可与好评。","张长虹"
"584",,"方士娟，当代创作者，专注于自身擅长领域的内容创作，作品具有一定的思想性与艺术性，在相关受众群体中获得认可与好评。","方士娟"
"585",,"胡嫔，当代创作者，专注于自身擅长领域的内容创作，作品具有一定的思想性与艺术性，在相关受众群体中获得认可与好评。","胡嫔"
"586",,"小理查德·威尔，当代创作者，专注于自身擅长领域的内容创作，作品具有一定的思想性与艺术性，在相关受众群体中获得认可与好评。","小理查德·威尔"
"587",,"伴随编辑部，当代创作者，专注于自身擅长领域的内容创作，作品具有一定的思想性与艺术性，在相关受众群体中获得认可与好评。","伴随编辑部"
"588",,"[美]佩格·斯特里普，中国当代作家，专注于特定题材创作，代表作包括经典作品多部，其作品以独特写作风格为特色，在相关文学领域具有一定影响力，深受目标读者群体喜爱。","[美]佩格·斯特里普"
"589",,"黄大明，当代创作者，专注于自身擅长领域的内容创作，作品具有一定的思想性与艺术性，在相关受众群体中获得认可与好评。","黄大明"
"590",,"盐野七生，外国当代作家，擅长特定文学领域创作，代表作在国际文坛具有一定知名度，其创作风格独特，对所在国文学发展有积极贡献。","(日)盐野七生"
"591",,"文心工作室，当代创作者，专注于自身擅长领域的内容创作，作品具有一定的思想性与艺术性，在相关受众群体中获得认可与好评。","文心工作室"
"592",,"墨白，当代创作者，专注于自身擅长领域的内容创作，作品具有一定的思想性与艺术性，在相关受众群体中获得认可与好评。","墨白"
"593",,"马歇尔·戈德史密斯，当代创作者，专注于自身擅长领域的内容创作，作品具有一定的思想性与艺术性，在相关受众群体中获得认可与好评。","马歇尔·戈德史密斯"
"594",,"徐晔春，当代创作者，专注于自身擅长领域的内容创作，作品具有一定的思想性与艺术性，在相关受众群体中获得认可与好评。","徐晔春"
"595",,"IC动漫社，中国当代作家，专注于特定题材创作，代表作包括经典作品多部，其作品以独特写作风格为特色，在相关文学领域具有一定影响力，深受目标读者群体喜爱。","IC动漫社"
"596",,"陈韵鹦，当代创作者，专注于自身擅长领域的内容创作，作品具有一定的思想性与艺术性，在相关受众群体中获得认可与好评。","陈韵鹦"
"597",,"朱立元，当代创作者，专注于自身擅长领域的内容创作，作品具有一定的思想性与艺术性，在相关受众群体中获得认可与好评。","朱立元"
"598",,"Sun I 视觉设计，中国当代作家，专注于特定题材创作，代表作包括经典作品多部，其作品以独特写作风格为特色，在相关文学领域具有一定影响力，深受目标读者群体喜爱。","Sun I 视觉设计"
"599",,"蔡元培，当代创作者，专注于自身擅长领域的内容创作，作品具有一定的思想性与艺术性，在相关受众群体中获得认可与好评。","蔡元培"
"600",,"蒋勋，当代创作者，专注于自身擅长领域的内容创作，作品具有一定的思想性与艺术性，在相关受众群体中获得认可与好评。","蒋勋"
"601",,"何悦，当代创作者，专注于自身擅长领域的内容创作，作品具有一定的思想性与艺术性，在相关受众群体中获得认可与好评。","何悦"
"602",,"莎语默，当代创作者，专注于自身擅长领域的内容创作，作品具有一定的思想性与艺术性，在相关受众群体中获得认可与好评。","莎语默"
"603",,"（英）E.H.贡布里希，中国当代作家，专注于特定题材创作，代表作包括经典作品多部，其作品以独特写作风格为特色，在相关文学领域具有一定影响力，深受目标读者群体喜爱。","（英）E.H.贡布里希"
"604",,"奥托·G.奥克威尔克，中国当代作家，专注于特定题材创作，代表作包括经典作品多部，其作品以独特写作风格为特色，在相关文学领域具有一定影响力，深受目标读者群体喜爱。","奥托·G.奥克威尔克"
"605",,"克里斯托弗•阿尔迪，当代创作者，专注于自身擅长领域的内容创作，作品具有一定的思想性与艺术性，在相关受众群体中获得认可与好评。","克里斯托弗•阿尔迪"
"606",,"罗伯特·亨利，当代创作者，专注于自身擅长领域的内容创作，作品具有一定的思想性与艺术性，在相关受众群体中获得认可与好评。","罗伯特·亨利"
"607",,"Mark Smiciklas，中国当代作家，专注于特定题材创作，代表作包括经典作品多部，其作品以独特写作风格为特色，在相关文学领域具有一定影响力，深受目标读者群体喜爱。","Mark Smiciklas"
"608",,"陈根，当代创作者，专注于自身擅长领域的内容创作，作品具有一定的思想性与艺术性，在相关受众群体中获得认可与好评。","陈根"
"609",,"文健，钟卓丽，盛希希主编，当代创作者，专注于自身擅长领域的内容创作，作品具有一定的思想性与艺术性，在相关受众群体中获得认可与好评。","文健，钟卓丽，盛希希主编"
"610",,"爱丽丝·劳斯瑟恩，外国当代作家，擅长特定文学领域创作，代表作在国际文坛具有一定知名度，其创作风格独特，对所在国文学发展有积极贡献。","（英）爱丽丝·劳斯瑟恩"
"611",,"徐克瑜，当代创作者，专注于自身擅长领域的内容创作，作品具有一定的思想性与艺术性，在相关受众群体中获得认可与好评。","徐克瑜"
"612",,"陈浩，当代创作者，专注于自身擅长领域的内容创作，作品具有一定的思想性与艺术性，在相关受众群体中获得认可与好评。","陈浩"
"613",,"戴维·科廷顿，当代创作者，专注于自身擅长领域的内容创作，作品具有一定的思想性与艺术性，在相关受众群体中获得认可与好评。","戴维·科廷顿"
"614",,"麦克韦德(John McWade)，中国当代作家，专注于特定题材创作，代表作包括经典作品多部，其作品以独特写作风格为特色，在相关文学领域具有一定影响力，深受目标读者群体喜爱。","麦克韦德(John McWade)"
"615",,"[美]希娜·艾扬格，中国当代作家，专注于特定题材创作，代表作包括经典作品多部，其作品以独特写作风格为特色，在相关文学领域具有一定影响力，深受目标读者群体喜爱。","[美]希娜·艾扬格"
"616",,"[美]巫鸿，中国当代作家，专注于特定题材创作，代表作包括经典作品多部，其作品以独特写作风格为特色，在相关文学领域具有一定影响力，深受目标读者群体喜爱。","[美]巫鸿"
"617",,"李楠，当代创作者，专注于自身擅长领域的内容创作，作品具有一定的思想性与艺术性，在相关受众群体中获得认可与好评。","李楠"
"618",,"老飘飘，外国当代作家，擅长特定文学领域创作，代表作在国际文坛具有一定知名度，其创作风格独特，对所在国文学发展有积极贡献。","老飘飘（孙晓岭）"
"619",,"侯玉宝，当代创作者，专注于自身擅长领域的内容创作，作品具有一定的思想性与艺术性，在相关受众群体中获得认可与好评。","侯玉宝"
"620",,"李勇帆，当代创作者，专注于自身擅长领域的内容创作，作品具有一定的思想性与艺术性，在相关受众群体中获得认可与好评。","李勇帆"
"621",,"吴亚峰，当代创作者，专注于自身擅长领域的内容创作，作品具有一定的思想性与艺术性，在相关受众群体中获得认可与好评。","吴亚峰"
"622",,"杨光，当代创作者，专注于自身擅长领域的内容创作，作品具有一定的思想性与艺术性，在相关受众群体中获得认可与好评。","杨光"
"623",,"极客学院，当代创作者，专注于自身擅长领域的内容创作，作品具有一定的思想性与艺术性，在相关受众群体中获得认可与好评。","极客学院"
"624",,"[美]Kayshav Dattatri 著，中国当代作家，专注于特定题材创作，代表作包括经典作品多部，其作品以独特写作风格为特色，在相关文学领域具有一定影响力，深受目标读者群体喜爱。","[美]Kayshav Dattatri 著"
"625",,"Diane，中国当代作家，专注于特定题材创作，代表作包括经典作品多部，其作品以独特写作风格为特色，在相关文学领域具有一定影响力，深受目标读者群体喜爱。","Diane"
"626",,"王峰，当代创作者，专注于自身擅长领域的内容创作，作品具有一定的思想性与艺术性，在相关受众群体中获得认可与好评。","王峰"
"627",,"常涛，当代创作者，专注于自身擅长领域的内容创作，作品具有一定的思想性与艺术性，在相关受众群体中获得认可与好评。","常涛"
"628",,"Www.Yutou.Org，中国当代作家，专注于特定题材创作，代表作包括经典作品多部，其作品以独特写作风格为特色，在相关文学领域具有一定影响力，深受目标读者群体喜爱。","Www.Yutou.Org"
"629",,"明日科技，当代创作者，专注于自身擅长领域的内容创作，作品具有一定的思想性与艺术性，在相关受众群体中获得认可与好评。","明日科技"
"630",,"（美） Anders Hejlsberg；Mads Torgersen；Scott Wiltamuth；Peter Golde 著，中国当代作家，专注于特定题材创作，代表作包括经典作品多部，其作品以独特写作风格为特色，在相关文学领域具有一定影响力，深受目标读者群体喜爱。","（美） Anders Hejlsberg；Mads Torgersen；Scott Wiltamuth；Peter Golde 著"
"631",,"白鳝，储学荣，当代创作者，专注于自身擅长领域的内容创作，作品具有一定的思想性与艺术性，在相关受众群体中获得认可与好评。","白鳝，储学荣"
"632",,"伊恩·米尔(Ian Miell)，中国当代作家，专注于特定题材创作，代表作包括经典作品多部，其作品以独特写作风格为特色，在相关文学领域具有一定影响力，深受目标读者群体喜爱。","伊恩·米尔(Ian Miell)"
"633",,"蒋鑫，当代创作者，专注于自身擅长领域的内容创作，作品具有一定的思想性与艺术性，在相关受众群体中获得认可与好评。","蒋鑫"
"634",,"Venkat Subramaniam，中国当代作家，专注于特定题材创作，代表作包括经典作品多部，其作品以独特写作风格为特色，在相关文学领域具有一定影响力，深受目标读者群体喜爱。","Venkat Subramaniam"
"635",,"董西成著，当代创作者，专注于自身擅长领域的内容创作，作品具有一定的思想性与艺术性，在相关受众群体中获得认可与好评。","董西成著"
"636",,"范东来，当代创作者，专注于自身擅长领域的内容创作，作品具有一定的思想性与艺术性，在相关受众群体中获得认可与好评。","范东来"
"637",,"Brian P. Hogan，中国当代作家，专注于特定题材创作，代表作包括经典作品多部，其作品以独特写作风格为特色，在相关文学领域具有一定影响力，深受目标读者群体喜爱。","Brian P. Hogan"
"638",,"桑德·马克(Sander Mak)，中国当代作家，专注于特定题材创作，代表作包括经典作品多部，其作品以独特写作风格为特色，在相关文学领域具有一定影响力，深受目标读者群体喜爱。","桑德·马克(Sander Mak)"
"639",,"Eprogramy，中国当代作家，专注于特定题材创作，代表作包括经典作品多部，其作品以独特写作风格为特色，在相关文学领域具有一定影响力，深受目标读者群体喜爱。","Eprogramy"
"640",,"Code Well Academy，中国当代作家，专注于特定题材创作，代表作包括经典作品多部，其作品以独特写作风格为特色，在相关文学领域具有一定影响力，深受目标读者群体喜爱。","Code Well Academy"
"641",,"王洋，当代创作者，专注于自身擅长领域的内容创作，作品具有一定的思想性与艺术性，在相关受众群体中获得认可与好评。","王洋"
"642",,"欧立奇，当代创作者，专注于自身擅长领域的内容创作，作品具有一定的思想性与艺术性，在相关受众群体中获得认可与好评。","欧立奇"
"643",,"骆昊，当代创作者，专注于自身擅长领域的内容创作，作品具有一定的思想性与艺术性，在相关受众群体中获得认可与好评。","骆昊"
"644",,"郑东旭，当代创作者，专注于自身擅长领域的内容创作，作品具有一定的思想性与艺术性，在相关受众群体中获得认可与好评。","郑东旭"
"645",,"高剑林，当代创作者，专注于自身擅长领域的内容创作，作品具有一定的思想性与艺术性，在相关受众群体中获得认可与好评。","高剑林"
"646",,"高桥 浩和，外国当代作家，擅长特定文学领域创作，代表作在国际文坛具有一定知名度，其创作风格独特，对所在国文学发展有积极贡献。","(日)高桥 浩和"
"647",,"孙宇彤，当代创作者，专注于自身擅长领域的内容创作，作品具有一定的思想性与艺术性，在相关受众群体中获得认可与好评。","孙宇彤"
"648",,"刘浩，当代创作者，专注于自身擅长领域的内容创作，作品具有一定的思想性与艺术性，在相关受众群体中获得认可与好评。","刘浩"
"649",,"MATLAB技术联盟，中国当代作家，专注于特定题材创作，代表作包括经典作品多部，其作品以独特写作风格为特色，在相关文学领域具有一定影响力，深受目标读者群体喜爱。","MATLAB技术联盟"
"650",,"王国平，当代创作者，专注于自身擅长领域的内容创作，作品具有一定的思想性与艺术性，在相关受众群体中获得认可与好评。","王国平"
"651",,"李林锋，当代创作者，专注于自身擅长领域的内容创作，作品具有一定的思想性与艺术性，在相关受众群体中获得认可与好评。","李林锋"
"652",,"郭家宝(BYVoid)，中国当代作家，专注于特定题材创作，代表作包括经典作品多部，其作品以独特写作风格为特色，在相关文学领域具有一定影响力，深受目标读者群体喜爱。","郭家宝(BYVoid)"
"653",,"冯康，当代创作者，专注于自身擅长领域的内容创作，作品具有一定的思想性与艺术性，在相关受众群体中获得认可与好评。","冯康"
"654",,"Richard S. Hall，中国当代作家，专注于特定题材创作，代表作包括经典作品多部，其作品以独特写作风格为特色，在相关文学领域具有一定影响力，深受目标读者群体喜爱。","Richard S. Hall"
"655",,"[印]Vijay Joshi，中国当代作家，专注于特定题材创作，代表作包括经典作品多部，其作品以独特写作风格为特色，在相关文学领域具有一定影响力，深受目标读者群体喜爱。","[印]Vijay Joshi"
"656",,"杜江，当代创作者，专注于自身擅长领域的内容创作，作品具有一定的思想性与艺术性，在相关受众群体中获得认可与好评。","杜江"
"657",,"PMI，中国当代作家，专注于特定题材创作，代表作包括经典作品多部，其作品以独特写作风格为特色，在相关文学领域具有一定影响力，深受目标读者群体喜爱。","PMI"
"658",,"Chacon, Scott，中国当代作家，专注于特定题材创作，代表作包括经典作品多部，其作品以独特写作风格为特色，在相关文学领域具有一定影响力，深受目标读者群体喜爱。","Chacon, Scott"
"659",,"Raschka, Sebastian，中国当代作家，专注于特定题材创作，代表作包括经典作品多部，其作品以独特写作风格为特色，在相关文学领域具有一定影响力，深受目标读者群体喜爱。","Raschka, Sebastian"
"660",,"廖雪峰，当代创作者，专注于自身擅长领域的内容创作，作品具有一定的思想性与艺术性，在相关受众群体中获得认可与好评。","廖雪峰"
"661",,"[美] Eric Matthes，中国当代作家，专注于特定题材创作，代表作包括经典作品多部，其作品以独特写作风格为特色，在相关文学领域具有一定影响力，深受目标读者群体喜爱。","[美] Eric Matthes"
"662",,"[英] 萨卡尔（Dr.M.O.Faruque Sarker），中国当代作家，专注于特定题材创作，代表作包括经典作品多部，其作品以独特写作风格为特色，在相关文学领域具有一定影响力，深受目标读者群体喜爱。","[英] 萨卡尔（Dr.M.O.Faruque Sarker）"
"663",,"卡巴科弗(Robert I. Kabacoff)，中国当代作家，专注于特定题材创作，代表作包括经典作品多部，其作品以独特写作风格为特色，在相关文学领域具有一定影响力，深受目标读者群体喜爱。","卡巴科弗(Robert I. Kabacoff)"
"664",,"刘继伟,沈灿,赵舜东 著，当代创作者，专注于自身擅长领域的内容创作，作品具有一定的思想性与艺术性，在相关受众群体中获得认可与好评。","刘继伟,沈灿,赵舜东 著"
"665",,"冈迪察·U(Unmesh Gundecha)，中国当代作家，专注于特定题材创作，代表作包括经典作品多部，其作品以独特写作风格为特色，在相关文学领域具有一定影响力，深受目标读者群体喜爱。","冈迪察·U(Unmesh Gundecha)"
"666",,"[美] 桑迪· 里扎 [美] 于里·莱瑟森 [英] 肖恩·欧文 [美] 乔希·威尔斯，中国当代作家，专注于特定题材创作，代表作包括经典作品多部，其作品以独特写作风格为特色，在相关文学领域具有一定影响力，深受目标读者群体喜爱。","[美] 桑迪· 里扎 [美] 于里·莱瑟森 [英] 肖恩·欧文 [美] 乔希·威尔斯"
"667",,"李昕，当代创作者，专注于自身擅长领域的内容创作，作品具有一定的思想性与艺术性，在相关受众群体中获得认可与好评。","李昕"
"668",,"丁维龙，当代创作者，专注于自身擅长领域的内容创作，作品具有一定的思想性与艺术性，在相关受众群体中获得认可与好评。","丁维龙"
"669",,"Grant Allen, Mike Owens，中国当代作家，专注于特定题材创作，代表作包括经典作品多部，其作品以独特写作风格为特色，在相关文学领域具有一定影响力，深受目标读者群体喜爱。","Grant Allen, Mike Owens"
"670",,"Drew Neil，中国当代作家，专注于特定题材创作，代表作包括经典作品多部，其作品以独特写作风格为特色，在相关文学领域具有一定影响力，深受目标读者群体喜爱。","Drew Neil"
"671",,"陈晓光，当代创作者，专注于自身擅长领域的内容创作，作品具有一定的思想性与艺术性，在相关受众群体中获得认可与好评。","陈晓光"
"672",,"看云文档小组，当代创作者，专注于自身擅长领域的内容创作，作品具有一定的思想性与艺术性，在相关受众群体中获得认可与好评。","看云文档小组"
"673",,"亨特(Andy Hunt),苏帕拉马尼亚姆(Venkat Subramaniam)，中国当代作家，专注于特定题材创作，代表作包括经典作品多部，其作品以独特写作风格为特色，在相关文学领域具有一定影响力，深受目标读者群体喜爱。","亨特(Andy Hunt),苏帕拉马尼亚姆(Venkat Subramaniam)"
"674",,"王兆君，当代创作者，专注于自身擅长领域的内容创作，作品具有一定的思想性与艺术性，在相关受众群体中获得认可与好评。","王兆君"
"675",,"中国电信网络安全实验室，当代创作者，专注于自身擅长领域的内容创作，作品具有一定的思想性与艺术性，在相关受众群体中获得认可与好评。","中国电信网络安全实验室"
"676",,"戴晟晖，当代创作者，专注于自身擅长领域的内容创作，作品具有一定的思想性与艺术性，在相关受众群体中获得认可与好评。","戴晟晖"
"677",,"Wes McKinney，中国当代作家，专注于特定题材创作，代表作包括经典作品多部，其作品以独特写作风格为特色，在相关文学领域具有一定影响力，深受目标读者群体喜爱。","Wes McKinney"
"678",,"Andy Clarke，中国当代作家，专注于特定题材创作，代表作包括经典作品多部，其作品以独特写作风格为特色，在相关文学领域具有一定影响力，深受目标读者群体喜爱。","Andy Clarke"
"679",,"吴寿鹤，当代创作者，专注于自身擅长领域的内容创作，作品具有一定的思想性与艺术性，在相关受众群体中获得认可与好评。","吴寿鹤"
"680",,"格鲁斯(Joel Grus)，中国当代作家，专注于特定题材创作，代表作包括经典作品多部，其作品以独特写作风格为特色，在相关文学领域具有一定影响力，深受目标读者群体喜爱。","格鲁斯(Joel Grus)"
"681",,"王亚刚，当代创作者，专注于自身擅长领域的内容创作，作品具有一定的思想性与艺术性，在相关受众群体中获得认可与好评。","王亚刚"
"682",,"陈云，当代创作者，专注于自身擅长领域的内容创作，作品具有一定的思想性与艺术性，在相关受众群体中获得认可与好评。","陈云"
"683",,"彭东 著，当代创作者，专注于自身擅长领域的内容创作，作品具有一定的思想性与艺术性，在相关受众群体中获得认可与好评。","彭东 著"
"684",,"蔡杏山，当代创作者，专注于自身擅长领域的内容创作，作品具有一定的思想性与艺术性，在相关受众群体中获得认可与好评。","蔡杏山"
"685",,"李刚，当代创作者，专注于自身擅长领域的内容创作，作品具有一定的思想性与艺术性，在相关受众群体中获得认可与好评。","李刚"
"686",,"第32期，中国当代作家，专注于特定题材创作，代表作包括经典作品多部，其作品以独特写作风格为特色，在相关文学领域具有一定影响力，深受目标读者群体喜爱。","第32期"
"687",,"亨特(Andy Hunt)，中国当代作家，专注于特定题材创作，代表作包括经典作品多部，其作品以独特写作风格为特色，在相关文学领域具有一定影响力，深受目标读者群体喜爱。","亨特(Andy Hunt)"
"688",,"郭霖，当代创作者，专注于自身擅长领域的内容创作，作品具有一定的思想性与艺术性，在相关受众群体中获得认可与好评。","郭霖"
"689",,"沈再阳，当代创作者，专注于自身擅长领域的内容创作，作品具有一定的思想性与艺术性，在相关受众群体中获得认可与好评。","沈再阳"
"690",,"[荷] Sakis Kasampalis，中国当代作家，专注于特定题材创作，代表作包括经典作品多部，其作品以独特写作风格为特色，在相关文学领域具有一定影响力，深受目标读者群体喜爱。","[荷] Sakis Kasampalis"
"691",,"冯·诺伊曼(Neumann.J.V)，中国当代作家，专注于特定题材创作，代表作包括经典作品多部，其作品以独特写作风格为特色，在相关文学领域具有一定影响力，深受目标读者群体喜爱。","冯·诺伊曼(Neumann.J.V)"
"692",,"汤小丹，当代创作者，专注于自身擅长领域的内容创作，作品具有一定的思想性与艺术性，在相关受众群体中获得认可与好评。","汤小丹"
"693",,"哈贵庭，当代创作者，专注于自身擅长领域的内容创作，作品具有一定的思想性与艺术性，在相关受众群体中获得认可与好评。","哈贵庭"
"694",,"杨瑞良，当代创作者，专注于自身擅长领域的内容创作，作品具有一定的思想性与艺术性，在相关受众群体中获得认可与好评。","杨瑞良"
"695",,"刘河飞，当代创作者，专注于自身擅长领域的内容创作，作品具有一定的思想性与艺术性，在相关受众群体中获得认可与好评。","刘河飞"
"696",,"杨晓慧，当代创作者，专注于自身擅长领域的内容创作，作品具有一定的思想性与艺术性，在相关受众群体中获得认可与好评。","杨晓慧"
"697",,"陈洁，当代创作者，专注于自身擅长领域的内容创作，作品具有一定的思想性与艺术性，在相关受众群体中获得认可与好评。","陈洁"
"698",,"郑海生，当代创作者，专注于自身擅长领域的内容创作，作品具有一定的思想性与艺术性，在相关受众群体中获得认可与好评。","郑海生"
"699",,"夏添，当代创作者，专注于自身擅长领域的内容创作，作品具有一定的思想性与艺术性，在相关受众群体中获得认可与好评。","夏添"
"700",,"Dafydd Stuttard，中国当代作家，专注于特定题材创作，代表作包括经典作品多部，其作品以独特写作风格为特色，在相关文学领域具有一定影响力，深受目标读者群体喜爱。","Dafydd Stuttard"
